Metric,Basis,Dimension,Log,Pearson Rho,Spearman Rho,Pearson P,Spearman P,n,N Pop,Delta Pearson Spearman,Shape,Preferred Correlation,RelCI 100,RelCI 500,RelCI 1000,Plateau n,Plateau Found,Plateau Reached,Timestamp
Number of Events,OC,Length,BPIC12,0.9840449260,0.9834908487,0.0000000000,0.0000000000,1000,81728,0.0005540772,Linear,Pearson,0.48465635303068716,0.2985751732,0.24604329040832948,,False,N,2026-04-27T10:15:26.663410
Number of Events,OC,Length,RTFMP,0.9676382685,0.9739676617,0.0000000000,0.0000000000,1000,81728,0.0063293932,Linear,Pearson,0.4795497780596067,0.3883769243,0.36737161903076415,,False,N,2026-04-27T10:15:26.667379
Number of Events,OC,Length,MEAN,0.9758415973,0.9787292552,0.0000000000,0.0000000000,1000,81728,0.0034417352,,,0.4821030655451469,0.3434760487,0.3067074547195468,,0 / 2,0 / 2,2026-04-27T10:15:26.936897
Number of Traces,OC,Length,BPIC12,1.0000000000,1.0000000000,0.0000000000,0.0000000000,1000,81728,0.0000000000,Linear,Pearson,0.0,0.0000000000,0.0,,False,N,2026-04-27T10:15:26.675393
Number of Traces,OC,Length,RTFMP,1.0000000000,1.0000000000,0.0000000000,0.0000000000,1000,81728,0.0000000000,Linear,Pearson,0.0,0.0000000000,0.0,,False,N,2026-04-27T10:15:26.677870
Number of Traces,OC,Length,MEAN,1.0000000000,1.0000000000,0.0000000000,0.0000000000,1000,81728,0.0000000000,,,0.0,0.0000000000,0.0,,0 / 2,0 / 2,2026-04-27T10:15:26.939628
Number of Distinct Activities,PC,Size,BPIC12,0.4306767590,0.4207726655,0.0000000000,0.0000000000,1000,81728,0.0099040935,Linear,Pearson,0.04424778761061947,0.0431965443,0.04275331338178709,4100.0000000000,True,Y (4100),2026-04-27T10:15:26.685049
Number of Distinct Activities,PC,Size,RTFMP,0.4330547399,0.4297848810,0.0000000000,0.0000000000,1000,81728,0.0032698589,Linear,Pearson,0.5820721769499418,0.2909796314,0.09831460674157311,1100.0000000000,True,Y (1100),2026-04-27T10:15:26.696305
Number of Distinct Activities,PC,Size,MEAN,0.4318657495,0.4252787732,0.0000000000,0.0000000000,1000,81728,0.0065869762,,,0.31315998228028064,0.1670880879,0.0705339600616801,2600.0000000000,2 / 2,2 / 2 (avg. 2600),2026-04-27T10:15:26.925939
Number of Distinct Traces,PC,Size,BPIC12,0.9758897512,0.9754781391,0.0000000000,0.0000000000,1000,81728,0.0004116121,Linear,Pearson,0.4489247311827957,0.3224584298,0.3437330562082054,,False,N,2026-04-27T10:15:26.698980
Number of Distinct Traces,PC,Size,RTFMP,0.6583699014,0.7361596743,0.0000000000,0.0000000000,1000,81728,0.0777897729,Linear,Pearson,0.5471289274106175,0.7047619048,0.6018981018981018,6100.0000000000,True,Y (6100),2026-04-27T10:15:26.706248
Number of Distinct Traces,PC,Size,MEAN,0.8171298263,0.8558189067,0.0000000000,0.0000000000,1000,81728,0.0391006925,,,0.4980268292967066,0.5136101673,0.4728155790531536,,1 / 2,1 / 2,2026-04-27T10:15:26.933539
Number of Distinct Directly-Follows Relations,PC,Size,BPIC12,0.8267237191,0.8446790424,0.0000000000,0.0000000000,1000,81728,0.0179553233,Linear,Pearson,0.218153251148175,0.1259811997,0.1093095281472035,8100.0000000000,True,Y (8100),2026-04-27T10:15:26.719501
Number of Distinct Directly-Follows Relations,PC,Size,RTFMP,0.6221115390,0.6326334349,0.0000000000,0.0000000000,1000,81728,0.0105218959,Linear,Pearson,0.756646216768916,0.6972198089,0.45609386828160486,4100.0000000000,True,Y (4100),2026-04-27T10:15:26.730276
Number of Distinct Directly-Follows Relations,PC,Size,MEAN,0.7244176290,0.7386562386,0.0000000000,0.0000000000,1000,81728,0.0142386096,,,0.48739973395854547,0.4116005043,0.28270169821440416,6100.0000000000,2 / 2,2 / 2 (avg. 6100),2026-04-27T10:15:26.931482
Min. Trace Length,PD,Size,BPIC12,,,,,1000,81728,,Asymptotic,Spearman,0.0,0.0000000000,0.0,100.0000000000,True,Y (100),2026-04-27T10:15:26.739594
Min. Trace Length,PD,Size,RTFMP,-0.0495681597,-0.0495681597,0.1172350368,0.1172350368,1000,81728,0.0000000000,Linear,Pearson,0.0,0.0000000000,0.0,100.0000000000,True,Y (100),2026-04-27T10:15:26.750021
Min. Trace Length,PD,Size,MEAN,-0.0495681597,-0.0495681597,0.1172350368,0.1172350368,1000,81728,0.0000000000,,,0.0,0.0000000000,0.0,100.0000000000,2 / 2,2 / 2 (avg. 100),2026-04-27T10:15:26.919125
Avg. Trace Length,PD,Size,BPIC12,0.0147771497,0.0036977381,0.6406891043,0.9070289300,1000,81728,0.0110794116,Linear,Pearson,0.4846563530306872,0.2985751732,0.24604329040832962,100.0000000000,True,Y (100),2026-04-27T10:15:26.755855
Avg. Trace Length,PD,Size,RTFMP,-0.0211323004,-0.0393762716,0.5044523352,0.2134582849,1000,81728,0.0182439712,Linear,Pearson,0.4795497780596068,0.3883769243,0.3673716190307642,100.0000000000,True,Y (100),2026-04-27T10:15:26.759421
Avg. Trace Length,PD,Size,MEAN,-0.0031775754,-0.0178392667,0.5725707198,0.5602436075,1000,81728,0.0146616914,,,0.48210306554514704,0.3434760487,0.3067074547195469,100.0000000000,2 / 2,2 / 2 (avg. 100),2026-04-27T10:15:26.908217
Max. Trace Length,PD,Size,BPIC12,0.4521789311,0.4591697272,0.0000000000,0.0000000000,1000,81728,0.0069907961,Linear,Pearson,0.6737739872068221,0.6564698443,0.49012541444428426,3100.0000000000,True,Y (3100),2026-04-27T10:15:26.765684
Max. Trace Length,PD,Size,RTFMP,0.3025533046,0.3827317930,0.0000000000,0.0000000000,1000,81728,0.0801784884,Linear,Pearson,0.5420054200542006,0.4400440044,0.3160621761658032,1100.0000000000,True,Y (1100),2026-04-27T10:15:26.771623
Max. Trace Length,PD,Size,MEAN,0.3773661179,0.4209507601,0.0000000000,0.0000000000,1000,81728,0.0435846422,,,0.6078897036305113,0.5482569243,0.40309379530504375,2100.0000000000,2 / 2,2 / 2 (avg. 2100),2026-04-27T10:15:26.917149
Percentage of Distinct Traces,PC,Variation,BPIC12,-0.5495367297,-0.5892731375,0.0000000000,0.0000000000,1000,81728,0.0397364079,Linear,Pearson,0.44892473118279586,0.3224584298,0.3437330562082053,,False,N,2026-04-27T10:15:26.774305
Percentage of Distinct Traces,PC,Variation,RTFMP,-0.7815736620,-0.8696421883,0.0000000000,0.0000000000,1000,81728,0.0880685263,Linear,Pearson,0.5471289274106174,0.7047619048,0.6018981018981019,8100.0000000000,True,Y (8100),2026-04-27T10:15:26.781345
Percentage of Distinct Traces,PC,Variation,MEAN,-0.6655551959,-0.7294576629,0.0000000000,0.0000000000,1000,81728,0.0639024671,,,0.4980268292967066,0.5136101673,0.47281557905315363,,1 / 2,1 / 2,2026-04-27T10:15:26.941106
Average Distinct Activities per Trace,PD,Variation,BPIC12,0.0150939649,0.0091032468,0.6335449597,0.7737173660,1000,81728,0.0059907181,Linear,Pearson,0.3444143651897477,0.2130185969,0.20754656713997538,100.0000000000,True,Y (100),2026-04-27T10:15:26.785009
Average Distinct Activities per Trace,PD,Variation,RTFMP,-0.0204290156,-0.0407921747,0.5187447498,0.1974380939,1000,81728,0.0203631591,Linear,Pearson,0.4778170712104165,0.3804559205,0.35272310889171754,100.0000000000,True,Y (100),2026-04-27T10:15:26.789586
Average Distinct Activities per Trace,PD,Variation,MEAN,-0.0026675253,-0.0158444640,0.5761448547,0.4855777299,1000,81728,0.0131769386,,,0.4111157182000821,0.2967372587,0.2801348380158465,100.0000000000,2 / 2,2 / 2 (avg. 100),2026-04-27T10:15:26.902474
Structure,PC,Variation,BPIC12,-0.7306859365,-0.7233200295,0.0000000000,0.0000000000,1000,81728,0.0073659070,Linear,Pearson,0.03853078039600854,0.0316354951,0.03080991879975852,2100.0000000000,True,Y (2100),2026-04-27T10:15:26.793706
Structure,PC,Variation,RTFMP,-0.2802800313,-0.3188537500,0.0000000000,0.0000000000,1000,81728,0.0385737187,Linear,Pearson,0.19770422290875492,0.1170860552,0.10822498620317612,6100.0000000000,True,Y (6100),2026-04-27T10:15:26.797402
Structure,PC,Variation,MEAN,-0.5054829839,-0.5210868897,0.0000000000,0.0000000000,1000,81728,0.0229698129,,,0.11811750165238173,0.0743607752,0.06951745250146732,4100.0000000000,2 / 2,2 / 2 (avg. 4100),2026-04-27T10:15:26.945154
Estimated Number of Acyclic Paths,PC,Variation,BPIC12,0.7072388672,0.8444839087,0.0000000000,0.0000000000,1000,81728,0.1372450415,Linear,Pearson,2.7690154023607088,2.1608943281,2.0674248667884694,8100.0000000000,True,Y (8100),2026-04-27T10:15:26.802072
Estimated Number of Acyclic Paths,PC,Variation,RTFMP,0.3611193064,0.6473881619,0.0000000000,0.0000000000,1000,81728,0.2862688556,Asymptotic,Spearman,1.6874442090916268,3.2265286985,2.247323360252629,4100.0000000000,True,Y (4100),2026-04-27T10:15:26.806304
Estimated Number of Acyclic Paths,PC,Variation,MEAN,0.5341790868,0.7459360353,0.0000000000,0.0000000000,1000,81728,0.2117569485,,,2.228229805726168,2.6937115133,2.1573741135205493,6100.0000000000,2 / 2,2 / 2 (avg. 6100),2026-04-27T10:15:26.913685
Number of Ties in Paths to Goal,CT,Variation,BPIC12,0.9699531077,0.9704823707,0.0000000000,0.0000000000,1000,81728,0.0005292631,Linear,Pearson,0.6186097375987016,0.3926493463,0.33939725447295055,,False,N,2026-04-27T10:15:26.809255
Number of Ties in Paths to Goal,CT,Variation,RTFMP,0.5918323095,0.7050933726,0.0000000000,0.0000000000,1000,81728,0.1132610631,Linear,Pearson,0.8854310107408424,1.0592131945,0.8354040353841568,5100.0000000000,True,Y (5100),2026-04-27T10:15:26.813320
Number of Ties in Paths to Goal,CT,Variation,MEAN,0.7808927086,0.8377878717,0.0000000000,0.0000000000,1000,81728,0.0568951631,,,0.752020374169772,0.7259312704,0.5874006449285536,,1 / 2,1 / 2,2026-04-27T10:15:26.938278
Lempel-Ziv Complexity,CT,Variation,BPIC12,0.9884769302,0.9882069399,0.0000000000,0.0000000000,1000,81728,0.0002699904,Linear,Pearson,0.27279570596321273,0.2073540469,0.15642766276019685,,False,N,2026-04-27T10:15:26.816878
Lempel-Ziv Complexity,CT,Variation,RTFMP,0.9672313583,0.9699353723,0.0000000000,0.0000000000,1000,81728,0.0027040140,Linear,Pearson,0.3227133348291076,0.3273359057,0.2499497840715074,,False,N,2026-04-27T10:15:26.821131
Lempel-Ziv Complexity,CT,Variation,MEAN,0.9778541442,0.9790711561,0.0000000000,0.0000000000,1000,81728,0.0014870022,,,0.2977545203961601,0.2673449763,0.20318872341585212,,0 / 2,0 / 2,2026-04-27T10:15:26.915472
Average Affinity,CT,Distance,BPIC12,-0.0259791423,0.0475640420,0.4118492979,0.1328192903,1000,81728,0.0735431843,Linear,Pearson,0.17441606658354988,0.1028836517,0.10777052261901539,100.0000000000,True,Y (100),2026-04-27T10:15:26.824634
Average Affinity,CT,Distance,RTFMP,-0.0824211976,-0.0805168360,0.0091188782,0.0108616769,1000,81728,0.0019043616,Linear,Pearson,0.3673409426952606,0.2917129156,0.2600841392963511,1100.0000000000,True,Y (1100),2026-04-27T10:15:26.828140
Average Affinity,CT,Distance,MEAN,-0.0542001700,-0.0164763970,0.2104840881,0.0718404836,1000,81728,0.0377237729,,,0.2708785046394052,0.1972982837,0.18392733095768324,600.0000000000,2 / 2,2 / 2 (avg. 600),2026-04-27T10:15:26.896870
Deviation from Random,CT,Distance,BPIC12,0.1328983162,0.0937194222,0.0000248595,0.0030121735,1000,81728,0.0391788939,Linear,Pearson,0.06689546074908849,0.0449165759,0.02742355355148874,1100.0000000000,True,Y (1100),2026-04-27T10:15:26.834408
Deviation from Random,CT,Distance,RTFMP,-0.0007694562,-0.0404592247,0.9806117889,0.2011238407,1000,81728,0.0396897685,Linear,Pearson,0.10690401150141166,0.0842536255,0.06316201922560528,100.0000000000,True,Y (100),2026-04-27T10:15:26.838894
Deviation from Random,CT,Distance,MEAN,0.0660644300,0.0266300988,0.4903183242,0.1020680071,1000,81728,0.0394343312,,,0.08689973612525007,0.0645851007,0.045292786388547016,600.0000000000,2 / 2,2 / 2 (avg. 600),2026-04-27T10:15:26.910742
Average Edit Distance,CT,Distance,BPIC12,0.0302963964,0.0081950825,0.3385280829,0.7957652639,1000,81728,0.0221013139,Linear,Pearson,0.47846667697774187,0.3161457047,0.2156198250691078,100.0000000000,True,Y (100),2026-04-27T10:15:26.841715
Average Edit Distance,CT,Distance,RTFMP,0.0590697808,0.0457730637,0.0618674082,0.1480596772,1000,81728,0.0132967171,Linear,Pearson,0.5435906649693392,0.3435603207,0.28074245559567196,1100.0000000000,True,Y (1100),2026-04-27T10:15:26.845362
Average Edit Distance,CT,Distance,MEAN,0.0446830886,0.0269840731,0.2001977456,0.4719124706,1000,81728,0.0176990155,,,0.5110286709735405,0.3298530127,0.24818114033238986,600.0000000000,2 / 2,2 / 2 (avg. 600),2026-04-27T10:15:26.905934
Sequence Entropy,CT,Graph Entropy,BPIC12,0.9753949482,0.9769768556,0.0000000000,0.0000000000,1000,81728,0.0015819074,Linear,Pearson,0.6254984425382021,0.3905728494,0.3232445654003669,,False,N,2026-04-27T10:15:26.849230
Sequence Entropy,CT,Graph Entropy,RTFMP,0.8641887324,0.9056524906,0.0000000000,0.0000000000,1000,81728,0.0414637582,Linear,Pearson,0.8822521569322099,0.7638757970,0.853044186801639,,False,N,2026-04-27T10:15:26.853886
Sequence Entropy,CT,Graph Entropy,MEAN,0.9197918403,0.9413146731,0.0000000000,0.0000000000,1000,81728,0.0215228328,,,0.7538752997352061,0.5772243232,0.5881443761010029,,0 / 2,0 / 2,2026-04-27T10:15:26.943483
Normalized Sequence Entropy,CT,Graph Entropy,BPIC12,0.3159995161,0.2999701722,0.0000000000,0.0000000000,1000,81728,0.0160293440,Linear,Pearson,0.11051677657261422,0.0825423919,0.07083952958222076,2100.0000000000,True,Y (2100),2026-04-27T10:15:26.857844
Normalized Sequence Entropy,CT,Graph Entropy,RTFMP,-0.2651883403,-0.2459525751,0.0000000000,0.0000000000,1000,81728,0.0192357651,Linear,Pearson,0.875752192950318,0.8382576245,0.7774750424239585,2100.0000000000,True,Y (2100),2026-04-27T10:15:26.863354
Normalized Sequence Entropy,CT,Graph Entropy,MEAN,0.0254055879,0.0270087986,0.0000000000,0.0000000000,1000,81728,0.0176325545,,,0.49313448476146615,0.4604000082,0.4241572860030896,2100.0000000000,2 / 2,2 / 2 (avg. 2100),2026-04-27T10:15:26.922885
Variant Entropy,CT,Graph Entropy,BPIC12,0.9527945918,0.9557299462,0.0000000000,0.0000000000,1000,81728,0.0029353544,Linear,Pearson,0.7770740617567807,0.5519352559,0.41893078698339326,,False,N,2026-04-27T10:15:26.867259
Variant Entropy,CT,Graph Entropy,RTFMP,0.5841108394,0.6767875283,0.0000000000,0.0000000000,1000,81728,0.0926766889,Linear,Pearson,1.3474601696192616,1.2312879569,1.0330657284605154,6100.0000000000,True,Y (6100),2026-04-27T10:15:26.872347
Variant Entropy,CT,Graph Entropy,MEAN,0.7684527156,0.8162587372,0.0000000000,0.0000000000,1000,81728,0.0478060217,,,1.0622671156880212,0.8916116064,0.7259982577219544,,1 / 2,1 / 2,2026-04-27T10:15:26.946661
Normalized Variant Entropy,CT,Graph Entropy,BPIC12,0.8832978286,0.9249866276,0.0000000000,0.0000000000,1000,81728,0.0416887990,Linear,Pearson,0.10011270764249748,0.0559295846,0.03662158648914441,,False,N,2026-04-27T10:15:26.877306
Normalized Variant Entropy,CT,Graph Entropy,RTFMP,0.4013045293,0.3885267213,0.0000000000,0.0000000000,1000,81728,0.0127778080,Linear,Pearson,0.2872749836803674,0.1767723190,0.145700028073085,6100.0000000000,True,Y (6100),2026-04-27T10:15:26.881404
Normalized Variant Entropy,CT,Graph Entropy,MEAN,0.6423011789,0.6567566744,0.0000000000,0.0000000000,1000,81728,0.0272333035,,,0.19369384566143244,0.1163509518,0.0911608072811147,,1 / 2,1 / 2,2026-04-27T10:15:26.924701
