Metric,Sample Size,Mean Value,Sample CI Low,Sample CI High,Sample CI Rel Width,Pearson Rho,Pearson P,Spearman Rho,Spearman P,Plateau n,Plateau Found
Average Affinity,50,0.6518767269193392,0.5682346938775511,0.7339125364431486,0.25415517339998217,-0.0005295308477517749,0.9701388631130965,0.009500743474026617,0.5018057748481433,50.0,True
Average Affinity,100,0.655806304954305,0.5920745550745552,0.7173241702741703,0.19098568320160045,-0.0005295308477517749,0.9701388631130965,0.009500743474026617,0.5018057748481433,50.0,True
Average Affinity,150,0.6537167793757324,0.6065260466602749,0.7109895493767977,0.1597993290248422,-0.0005295308477517749,0.9701388631130965,0.009500743474026617,0.5018057748481433,50.0,True
Average Affinity,200,0.6536103374012923,0.6170398899258196,0.6981218353673128,0.12405242206521573,-0.0005295308477517749,0.9701388631130965,0.009500743474026617,0.5018057748481433,50.0,True
Average Affinity,250,0.6547223380378657,0.6134011589213999,0.691654859437751,0.11952196522096557,-0.0005295308477517749,0.9701388631130965,0.009500743474026617,0.5018057748481433,50.0,True
Average Affinity,300,0.6551731173753783,0.6169485427615863,0.6904615384615383,0.11220392557381616,-0.0005295308477517749,0.9701388631130965,0.009500743474026617,0.5018057748481433,50.0,True
Average Affinity,350,0.6533641514921156,0.6193866752431632,0.6842103327290802,0.09921520386124102,-0.0005295308477517749,0.9701388631130965,0.009500743474026617,0.5018057748481433,50.0,True
Average Affinity,400,0.6530890361618332,0.6214297574292875,0.6803102652464494,0.09015693811551222,-0.0005295308477517749,0.9701388631130965,0.009500743474026617,0.5018057748481433,50.0,True
Average Affinity,450,0.6538247080755589,0.6201651158954055,0.6810510163679427,0.0931226668562991,-0.0005295308477517749,0.9701388631130965,0.009500743474026617,0.5018057748481433,50.0,True
Average Affinity,500,0.6537174019658364,0.6220469472277889,0.6802033314247543,0.08896257621730672,-0.0005295308477517749,0.9701388631130965,0.009500743474026617,0.5018057748481433,50.0,True
Average Distinct Activities per Trace,50,7.405399999999999,6.76,7.92,0.1566424501039782,0.0024301953933587436,0.8635962964445295,-0.013861633372496946,0.3271021598494529,50.0,True
Average Distinct Activities per Trace,100,7.42772,6.96,7.82525,0.11648931300587524,0.0024301953933587436,0.8635962964445295,-0.013861633372496946,0.3271021598494529,50.0,True
Average Distinct Activities per Trace,150,7.4166533333333335,7.049833333333334,7.78,0.0984496151903194,0.0024301953933587436,0.8635962964445295,-0.013861633372496946,0.3271021598494529,50.0,True
Average Distinct Activities per Trace,200,7.41719,7.1495,7.707625,0.07524749938993075,0.0024301953933587436,0.8635962964445295,-0.013861633372496946,0.3271021598494529,50.0,True
Average Distinct Activities per Trace,250,7.42392,7.116,7.6661,0.07409832002500033,0.0024301953933587436,0.8635962964445295,-0.013861633372496946,0.3271021598494529,50.0,True
Average Distinct Activities per Trace,300,7.42728,7.156333333333333,7.65,0.0664666831823584,0.0024301953933587436,0.8635962964445295,-0.013861633372496946,0.3271021598494529,50.0,True
Average Distinct Activities per Trace,350,7.4154228571428575,7.169928571428572,7.617285714285714,0.0603279342898468,0.0024301953933587436,0.8635962964445295,-0.013861633372496946,0.3271021598494529,50.0,True
Average Distinct Activities per Trace,400,7.41303,7.179875,7.592625,0.0556789868650201,0.0024301953933587436,0.8635962964445295,-0.013861633372496946,0.3271021598494529,50.0,True
Average Distinct Activities per Trace,450,7.4181333333333335,7.169722222222222,7.601166666666667,0.058160783185946786,0.0024301953933587436,0.8635962964445295,-0.013861633372496946,0.3271021598494529,50.0,True
Average Distinct Activities per Trace,500,7.417684,7.1869499999999995,7.59305,0.05474754653878493,0.0024301953933587436,0.8635962964445295,-0.013861633372496946,0.3271021598494529,50.0,True
Average Edit Distance,50,4.983585306122449,3.9377551020408164,5.965367346938775,0.4068581393413675,0.006820900617754644,0.6296670553380287,-0.00682896688567892,0.6292620552709606,50.0,True
Average Edit Distance,100,4.939156363636363,4.139141414141415,5.735267676767677,0.323157670078528,0.006820900617754644,0.6296670553380287,-0.00682896688567892,0.6292620552709606,50.0,True
Average Edit Distance,150,4.966465682326622,4.232053691275167,5.514183445190157,0.2581573770815536,0.006820900617754644,0.6296670553380287,-0.00682896688567892,0.6292620552709606,50.0,True
Average Edit Distance,200,4.966877989949748,4.383894472361809,5.402841708542714,0.2051484329276254,0.006820900617754644,0.6296670553380287,-0.00682896688567892,0.6292620552709606,50.0,True
Average Edit Distance,250,4.951651598393574,4.5046835341365465,5.415457028112449,0.1839332747625818,0.006820900617754644,0.6296670553380287,-0.00682896688567892,0.6292620552709606,50.0,True
Average Edit Distance,300,4.950172842809365,4.489205128205128,5.433574136008917,0.19077495630795638,0.006820900617754644,0.6296670553380287,-0.00682896688567892,0.6292620552709606,50.0,True
Average Edit Distance,350,4.972984625460499,4.571115841178878,5.426484650020466,0.1720031074422195,0.006820900617754644,0.6296670553380287,-0.00682896688567892,0.6292620552709606,50.0,True
Average Edit Distance,400,4.973999022556391,4.623619360902255,5.396234962406014,0.15533087119640657,0.006820900617754644,0.6296670553380287,-0.00682896688567892,0.6292620552709606,50.0,True
Average Edit Distance,450,4.968373194753774,4.6394041078940855,5.3941306607275425,0.15190617194988315,0.006820900617754644,0.6296670553380287,-0.00682896688567892,0.6292620552709606,50.0,True
Average Edit Distance,500,4.967875991983967,4.644432264529058,5.393851102204408,0.15085296792524455,0.006820900617754644,0.6296670553380287,-0.00682896688567892,0.6292620552709606,50.0,True
Avg. Trace Length,50,12.810799999999999,11.52,13.84,0.18109719923814285,0.0024301953933587583,0.8635962964445295,-0.013861633372496946,0.3271021598494529,50.0,True
Avg. Trace Length,100,12.85544,11.92,13.6505,0.1346122730921695,0.0024301953933587583,0.8635962964445295,-0.013861633372496946,0.3271021598494529,50.0,True
Avg. Trace Length,150,12.833306666666667,12.099666666666668,13.56,0.11379244424403995,0.0024301953933587583,0.8635962964445295,-0.013861633372496946,0.3271021598494529,50.0,True
Avg. Trace Length,200,12.83438,12.299,13.41525,0.08697342606343282,0.0024301953933587583,0.8635962964445295,-0.013861633372496946,0.3271021598494529,50.0,True
Avg. Trace Length,250,12.84784,12.232,13.3322,0.0856330713956588,0.0024301953933587583,0.8635962964445295,-0.013861633372496946,0.3271021598494529,50.0,True
Avg. Trace Length,300,12.85456,12.312666666666667,13.3,0.07680802247088457,0.0024301953933587583,0.8635962964445295,-0.013861633372496946,0.3271021598494529,50.0,True
Avg. Trace Length,350,12.830845714285715,12.339857142857143,13.234571428571428,0.0697315130769689,0.0024301953933587583,0.8635962964445295,-0.013861633372496946,0.3271021598494529,50.0,True
Avg. Trace Length,400,12.82606,12.35975,13.18525,0.06436115221665889,0.0024301953933587583,0.8635962964445295,-0.013861633372496946,0.3271021598494529,50.0,True
Avg. Trace Length,450,12.836266666666667,12.339444444444444,13.202333333333334,0.06722273004265696,0.0024301953933587583,0.8635962964445295,-0.013861633372496946,0.3271021598494529,50.0,True
Avg. Trace Length,500,12.835368,12.373899999999999,13.1861,0.06327827920477236,0.0024301953933587583,0.8635962964445295,-0.013861633372496946,0.3271021598494529,50.0,True
Deviation from Random,50,0.7586063740238878,0.7553927578344021,0.7620284880588588,0.00874726399840108,0.1540899435216727,6.043564457198067e-28,0.15274813682345292,1.748389989648334e-27,50.0,True
Deviation from Random,100,0.7589003727885973,0.7565008176676062,0.7611581411139685,0.006136936564214386,0.1540899435216727,6.043564457198067e-28,0.15274813682345292,1.748389989648334e-27,50.0,True
Deviation from Random,150,0.7590133292895541,0.7572741756736707,0.7611050593862725,0.00504718898176336,0.1540899435216727,6.043564457198067e-28,0.15274813682345292,1.748389989648334e-27,50.0,True
Deviation from Random,200,0.759066166420588,0.7576208622149582,0.7611093449973712,0.0045957558599444455,0.1540899435216727,6.043564457198067e-28,0.15274813682345292,1.748389989648334e-27,50.0,True
Deviation from Random,250,0.7590856024267301,0.7579983240568534,0.7606057524089608,0.0034349595668415347,0.1540899435216727,6.043564457198067e-28,0.15274813682345292,1.748389989648334e-27,50.0,True
Deviation from Random,300,0.7591465279745447,0.7581901500717516,0.7609168719161774,0.003591825482889155,0.1540899435216727,6.043564457198067e-28,0.15274813682345292,1.748389989648334e-27,50.0,True
Deviation from Random,350,0.7591533408503823,0.7582840976949152,0.7602157874493539,0.0025445317177618786,0.1540899435216727,6.043564457198067e-28,0.15274813682345292,1.748389989648334e-27,50.0,True
Deviation from Random,400,0.7591373763806657,0.7583555479301748,0.760027542085142,0.0022024922062707166,0.1540899435216727,6.043564457198067e-28,0.15274813682345292,1.748389989648334e-27,50.0,True
Deviation from Random,450,0.7591754632319525,0.7584966162136426,0.7601414455293447,0.002166599679999855,0.1540899435216727,6.043564457198067e-28,0.15274813682345292,1.748389989648334e-27,50.0,True
Deviation from Random,500,0.7591602983448563,0.7585901071098261,0.7599487815348767,0.001789706901181182,0.1540899435216727,6.043564457198067e-28,0.15274813682345292,1.748389989648334e-27,50.0,True
Estimated Number of Acyclic Paths,50,5.4416445461412355,3.630780547701014,6.309573444801933,0.49227634667914827,0.3188016247650747,1.6883970901827091e-118,0.3188016247650745,1.688397090182739e-118,150.0,True
Estimated Number of Acyclic Paths,100,5.998833468738226,3.630780547701014,6.309573444801933,0.44655230238694515,0.3188016247650747,1.6883970901827091e-118,0.3188016247650745,1.688397090182739e-118,150.0,True
Estimated Number of Acyclic Paths,150,6.191706557329493,3.630780547701014,6.309573444801933,0.4326420950827962,0.3188016247650747,1.6883970901827091e-118,0.3188016247650745,1.688397090182739e-118,150.0,True
Estimated Number of Acyclic Paths,200,6.2506400010657135,6.309573444801933,6.309573444801933,0.0,0.3188016247650747,1.6883970901827091e-118,0.3188016247650745,1.688397090182739e-118,150.0,True
Estimated Number of Acyclic Paths,250,6.309573444801933,6.309573444801933,6.309573444801933,0.0,0.3188016247650747,1.6883970901827091e-118,0.3188016247650745,1.688397090182739e-118,150.0,True
Estimated Number of Acyclic Paths,300,6.309573444801933,6.309573444801933,6.309573444801933,0.0,0.3188016247650747,1.6883970901827091e-118,0.3188016247650745,1.688397090182739e-118,150.0,True
Estimated Number of Acyclic Paths,350,6.309573444801933,6.309573444801933,6.309573444801933,0.0,0.3188016247650747,1.6883970901827091e-118,0.3188016247650745,1.688397090182739e-118,150.0,True
Estimated Number of Acyclic Paths,400,6.309573444801933,6.309573444801933,6.309573444801933,0.0,0.3188016247650747,1.6883970901827091e-118,0.3188016247650745,1.688397090182739e-118,150.0,True
Estimated Number of Acyclic Paths,450,6.309573444801933,6.309573444801933,6.309573444801933,0.0,0.3188016247650747,1.6883970901827091e-118,0.3188016247650745,1.688397090182739e-118,150.0,True
Estimated Number of Acyclic Paths,500,6.309573444801933,6.309573444801933,6.309573444801933,0.0,0.3188016247650747,1.6883970901827091e-118,0.3188016247650745,1.688397090182739e-118,150.0,True
Lempel-Ziv Complexity,50,160.002,156.0,164.0,0.0499993750078124,0.9941140572285423,0.0,0.9950109333932847,0.0,,False
Lempel-Ziv Complexity,100,249.454,242.0,255.0,0.05211381657540067,0.9941140572285423,0.0,0.9950109333932847,0.0,,False
Lempel-Ziv Complexity,150,321.938,311.0,330.0,0.059017574812541544,0.9941140572285423,0.0,0.9950109333932847,0.0,,False
Lempel-Ziv Complexity,200,387.344,376.0,397.0,0.05421537444751952,0.9941140572285423,0.0,0.9950109333932847,0.0,,False
Lempel-Ziv Complexity,250,446.71,433.0,459.525,0.05937856775088979,0.9941140572285423,0.0,0.9950109333932847,0.0,,False
Lempel-Ziv Complexity,300,501.144,486.475,516.0,0.05891520201778327,0.9941140572285423,0.0,0.9950109333932847,0.0,,False
Lempel-Ziv Complexity,350,553.72,539.475,569.0,0.05332117315610774,0.9941140572285423,0.0,0.9950109333932847,0.0,,False
Lempel-Ziv Complexity,400,603.694,589.0,620.0,0.05135051864023827,0.9941140572285423,0.0,0.9950109333932847,0.0,,False
Lempel-Ziv Complexity,450,651.03,636.0,668.0,0.04915288081962429,0.9941140572285423,0.0,0.9950109333932847,0.0,,False
Lempel-Ziv Complexity,500,697.314,682.475,714.525,0.0459620773424884,0.9941140572285423,0.0,0.9950109333932847,0.0,,False
Max. Trace Length,50,16.0,16.0,16.0,0.0,,,,,50.0,True
Max. Trace Length,100,16.0,16.0,16.0,0.0,,,,,50.0,True
Max. Trace Length,150,16.0,16.0,16.0,0.0,,,,,50.0,True
Max. Trace Length,200,16.0,16.0,16.0,0.0,,,,,50.0,True
Max. Trace Length,250,16.0,16.0,16.0,0.0,,,,,50.0,True
Max. Trace Length,300,16.0,16.0,16.0,0.0,,,,,50.0,True
Max. Trace Length,350,16.0,16.0,16.0,0.0,,,,,50.0,True
Max. Trace Length,400,16.0,16.0,16.0,0.0,,,,,50.0,True
Max. Trace Length,450,16.0,16.0,16.0,0.0,,,,,50.0,True
Max. Trace Length,500,16.0,16.0,16.0,0.0,,,,,50.0,True
Min. Trace Length,50,4.016,4.0,4.0,0.0,-0.0313402467483056,0.0266860001963978,-0.0313402467483056,0.026686000196397407,50.0,True
Min. Trace Length,100,4.0,4.0,4.0,0.0,-0.0313402467483056,0.0266860001963978,-0.0313402467483056,0.026686000196397407,50.0,True
Min. Trace Length,150,4.0,4.0,4.0,0.0,-0.0313402467483056,0.0266860001963978,-0.0313402467483056,0.026686000196397407,50.0,True
Min. Trace Length,200,4.0,4.0,4.0,0.0,-0.0313402467483056,0.0266860001963978,-0.0313402467483056,0.026686000196397407,50.0,True
Min. Trace Length,250,4.0,4.0,4.0,0.0,-0.0313402467483056,0.0266860001963978,-0.0313402467483056,0.026686000196397407,50.0,True
Min. Trace Length,300,4.0,4.0,4.0,0.0,-0.0313402467483056,0.0266860001963978,-0.0313402467483056,0.026686000196397407,50.0,True
Min. Trace Length,350,4.0,4.0,4.0,0.0,-0.0313402467483056,0.0266860001963978,-0.0313402467483056,0.026686000196397407,50.0,True
Min. Trace Length,400,4.0,4.0,4.0,0.0,-0.0313402467483056,0.0266860001963978,-0.0313402467483056,0.026686000196397407,50.0,True
Min. Trace Length,450,4.0,4.0,4.0,0.0,-0.0313402467483056,0.0266860001963978,-0.0313402467483056,0.026686000196397407,50.0,True
Min. Trace Length,500,4.0,4.0,4.0,0.0,-0.0313402467483056,0.0266860001963978,-0.0313402467483056,0.026686000196397407,50.0,True
Normalized Sequence Entropy,50,0.08276063575475924,0.020811308664276083,0.18008967310351529,1.9245667096036019,-0.04434762106635848,0.0017091364843026668,-0.13970207774563595,3.25201901766979e-23,,False
Normalized Sequence Entropy,100,0.08099576794336856,0.021832518857970867,0.16505627228484732,1.7682868755194356,-0.04434762106635848,0.0017091364843026668,-0.13970207774563595,3.25201901766979e-23,,False
Normalized Sequence Entropy,150,0.07331881745827298,0.021452258098574338,0.15029432182828145,1.7572850762770877,-0.04434762106635848,0.0017091364843026668,-0.13970207774563595,3.25201901766979e-23,,False
Normalized Sequence Entropy,200,0.07780414873706297,0.023107956366881573,0.14823006075773076,1.608167513196449,-0.04434762106635848,0.0017091364843026668,-0.13970207774563595,3.25201901766979e-23,,False
Normalized Sequence Entropy,250,0.07133945791652739,0.023417129176327735,0.14173614418328073,1.658535380874288,-0.04434762106635848,0.0017091364843026668,-0.13970207774563595,3.25201901766979e-23,,False
Normalized Sequence Entropy,300,0.07327042538481127,0.02345860088813693,0.13059222136024712,1.462167305696012,-0.04434762106635848,0.0017091364843026668,-0.13970207774563595,3.25201901766979e-23,,False
Normalized Sequence Entropy,350,0.07073363508400207,0.024036867567905615,0.15478299490292677,1.8484293530192428,-0.04434762106635848,0.0017091364843026668,-0.13970207774563595,3.25201901766979e-23,,False
Normalized Sequence Entropy,400,0.0746257578877273,0.024462856210816543,0.15191291718183306,1.7078561689485574,-0.04434762106635848,0.0017091364843026668,-0.13970207774563595,3.25201901766979e-23,,False
Normalized Sequence Entropy,450,0.07778627420729967,0.024860813015092936,0.13694227843318085,1.4408900099700352,-0.04434762106635848,0.0017091364843026668,-0.13970207774563595,3.25201901766979e-23,,False
Normalized Sequence Entropy,500,0.07468970106552406,0.024825708211725157,0.13384400266816832,1.4596161572638133,-0.04434762106635848,0.0017091364843026668,-0.13970207774563595,3.25201901766979e-23,,False
Normalized Variant Entropy,50,0.3302198405104338,0.2070436602386922,0.4431138321255652,0.7148879107989697,0.18096640363987473,4.518593951106572e-38,0.1601476077069154,4.431750300187283e-30,350.0,True
Normalized Variant Entropy,100,0.352317319238,0.2070436602386922,0.4453018963950307,0.6762603572019931,0.18096640363987473,4.518593951106572e-38,0.1601476077069154,4.431750300187283e-30,350.0,True
Normalized Variant Entropy,150,0.35480250180511247,0.31551833878635416,0.4453018963950307,0.36579098779851515,0.18096640363987473,4.518593951106572e-38,0.1601476077069154,4.431750300187283e-30,350.0,True
Normalized Variant Entropy,200,0.36274545190135926,0.31551833878635416,0.4453018963950307,0.3577813503337,0.18096640363987473,4.518593951106572e-38,0.1601476077069154,4.431750300187283e-30,350.0,True
Normalized Variant Entropy,250,0.3579331872815655,0.31551833878635416,0.4476633192091789,0.36918895793497314,0.18096640363987473,4.518593951106572e-38,0.1601476077069154,4.431750300187283e-30,350.0,True
Normalized Variant Entropy,300,0.36165377970502505,0.31551833878635416,0.4453018963950307,0.3588613333850172,0.18096640363987473,4.518593951106572e-38,0.1601476077069154,4.431750300187283e-30,350.0,True
Normalized Variant Entropy,350,0.36405578122287086,0.31551833878635416,0.44979984461245603,0.3688487115217551,0.18096640363987473,4.518593951106572e-38,0.1601476077069154,4.431750300187283e-30,350.0,True
Normalized Variant Entropy,400,0.36794554226323284,0.31551833878635416,0.44979984461245603,0.3649494025668484,0.18096640363987473,4.518593951106572e-38,0.1601476077069154,4.431750300187283e-30,350.0,True
Normalized Variant Entropy,450,0.37306634659168103,0.31551833878635416,0.44979984461245603,0.35994001349328947,0.18096640363987473,4.518593951106572e-38,0.1601476077069154,4.431750300187283e-30,350.0,True
Normalized Variant Entropy,500,0.36892335555144185,0.31551833878635416,0.44979984461245603,0.3639821220464259,0.18096640363987473,4.518593951106572e-38,0.1601476077069154,4.431750300187283e-30,350.0,True
Number of Distinct Activities,50,11.996,12.0,12.0,0.0,0.0313402467483056,0.0266860001963978,0.0313402467483056,0.026686000196397407,50.0,True
Number of Distinct Activities,100,12.0,12.0,12.0,0.0,0.0313402467483056,0.0266860001963978,0.0313402467483056,0.026686000196397407,50.0,True
Number of Distinct Activities,150,12.0,12.0,12.0,0.0,0.0313402467483056,0.0266860001963978,0.0313402467483056,0.026686000196397407,50.0,True
Number of Distinct Activities,200,12.0,12.0,12.0,0.0,0.0313402467483056,0.0266860001963978,0.0313402467483056,0.026686000196397407,50.0,True
Number of Distinct Activities,250,12.0,12.0,12.0,0.0,0.0313402467483056,0.0266860001963978,0.0313402467483056,0.026686000196397407,50.0,True
Number of Distinct Activities,300,12.0,12.0,12.0,0.0,0.0313402467483056,0.0266860001963978,0.0313402467483056,0.026686000196397407,50.0,True
Number of Distinct Activities,350,12.0,12.0,12.0,0.0,0.0313402467483056,0.0266860001963978,0.0313402467483056,0.026686000196397407,50.0,True
Number of Distinct Activities,400,12.0,12.0,12.0,0.0,0.0313402467483056,0.0266860001963978,0.0313402467483056,0.026686000196397407,50.0,True
Number of Distinct Activities,450,12.0,12.0,12.0,0.0,0.0313402467483056,0.0266860001963978,0.0313402467483056,0.026686000196397407,50.0,True
Number of Distinct Activities,500,12.0,12.0,12.0,0.0,0.0313402467483056,0.0266860001963978,0.0313402467483056,0.026686000196397407,50.0,True
Number of Distinct Directly-Follows Relations,50,20.024,18.0,21.0,0.14982021574111065,0.3187688503023116,1.7896287883572847e-118,0.31881540852243645,1.6475487434982388e-118,100.0,True
Number of Distinct Directly-Follows Relations,100,20.652,18.0,21.0,0.1452643811737362,0.3187688503023116,1.7896287883572847e-118,0.31881540852243645,1.6475487434982388e-118,100.0,True
Number of Distinct Directly-Follows Relations,150,20.868,18.0,21.0,0.14376078205865442,0.3187688503023116,1.7896287883572847e-118,0.31881540852243645,1.6475487434982388e-118,100.0,True
Number of Distinct Directly-Follows Relations,200,20.934,21.0,21.0,0.0,0.3187688503023116,1.7896287883572847e-118,0.31881540852243645,1.6475487434982388e-118,100.0,True
Number of Distinct Directly-Follows Relations,250,21.0,21.0,21.0,0.0,0.3187688503023116,1.7896287883572847e-118,0.31881540852243645,1.6475487434982388e-118,100.0,True
Number of Distinct Directly-Follows Relations,300,21.0,21.0,21.0,0.0,0.3187688503023116,1.7896287883572847e-118,0.31881540852243645,1.6475487434982388e-118,100.0,True
Number of Distinct Directly-Follows Relations,350,21.0,21.0,21.0,0.0,0.3187688503023116,1.7896287883572847e-118,0.31881540852243645,1.6475487434982388e-118,100.0,True
Number of Distinct Directly-Follows Relations,400,21.0,21.0,21.0,0.0,0.3187688503023116,1.7896287883572847e-118,0.31881540852243645,1.6475487434982388e-118,100.0,True
Number of Distinct Directly-Follows Relations,450,21.0,21.0,21.0,0.0,0.3187688503023116,1.7896287883572847e-118,0.31881540852243645,1.6475487434982388e-118,100.0,True
Number of Distinct Directly-Follows Relations,500,21.0,21.0,21.0,0.0,0.3187688503023116,1.7896287883572847e-118,0.31881540852243645,1.6475487434982388e-118,100.0,True
Number of Distinct Traces,50,4.676,4.0,5.0,0.21385799828913601,0.30355252344560596,4.5048197483346924e-107,0.3050215595328956,3.822122660774196e-108,150.0,True
Number of Distinct Traces,100,4.892,4.0,5.0,0.2044153720359771,0.30355252344560596,4.5048197483346924e-107,0.3050215595328956,3.822122660774196e-108,150.0,True
Number of Distinct Traces,150,4.972,4.0,5.0,0.20112630732099757,0.30355252344560596,4.5048197483346924e-107,0.3050215595328956,3.822122660774196e-108,150.0,True
Number of Distinct Traces,200,4.996,5.0,5.0,0.0,0.30355252344560596,4.5048197483346924e-107,0.3050215595328956,3.822122660774196e-108,150.0,True
Number of Distinct Traces,250,5.016,5.0,5.0,0.0,0.30355252344560596,4.5048197483346924e-107,0.3050215595328956,3.822122660774196e-108,150.0,True
Number of Distinct Traces,300,5.028,5.0,6.0,0.1988862370723946,0.30355252344560596,4.5048197483346924e-107,0.3050215595328956,3.822122660774196e-108,150.0,True
Number of Distinct Traces,350,5.044,5.0,6.0,0.19825535289452817,0.30355252344560596,4.5048197483346924e-107,0.3050215595328956,3.822122660774196e-108,150.0,True
Number of Distinct Traces,400,5.052,5.0,6.0,0.19794140934283452,0.30355252344560596,4.5048197483346924e-107,0.3050215595328956,3.822122660774196e-108,150.0,True
Number of Distinct Traces,450,5.042,5.0,6.0,0.19833399444664818,0.30355252344560596,4.5048197483346924e-107,0.3050215595328956,3.822122660774196e-108,150.0,True
Number of Distinct Traces,500,5.038,5.0,6.0,0.19849146486701072,0.30355252344560596,4.5048197483346924e-107,0.3050215595328956,3.822122660774196e-108,150.0,True
Number of Events,50,640.54,576.0,692.0,0.18109719923814283,0.9992481066999749,0.0,0.994988358609545,0.0,,False
Number of Events,100,1285.544,1192.0,1365.05,0.1346122730921695,0.9992481066999749,0.0,0.994988358609545,0.0,,False
Number of Events,150,1924.996,1814.95,2034.0,0.11379244424403996,0.9992481066999749,0.0,0.994988358609545,0.0,,False
Number of Events,200,2566.876,2459.8,2683.05,0.08697342606343274,0.9992481066999749,0.0,0.994988358609545,0.0,,False
Number of Events,250,3211.96,3058.0,3333.05,0.08563307139565877,0.9992481066999749,0.0,0.994988358609545,0.0,,False
Number of Events,300,3856.368,3693.8,3990.0,0.07680802247088447,0.9992481066999749,0.0,0.994988358609545,0.0,,False
Number of Events,350,4490.796,4318.95,4632.1,0.0697315130769691,0.9992481066999749,0.0,0.994988358609545,0.0,,False
Number of Events,400,5130.424,4943.9,5274.1,0.06436115221665904,0.9992481066999749,0.0,0.994988358609545,0.0,,False
Number of Events,450,5776.32,5552.75,5941.05,0.06722273004265696,0.9992481066999749,0.0,0.994988358609545,0.0,,False
Number of Events,500,6417.684,6186.95,6593.05,0.06327827920477237,0.9992481066999749,0.0,0.994988358609545,0.0,,False
Number of Ties in Paths to Goal,50,44.188,34.0,49.0,0.33945867656377293,0.30373003377283153,3.346170562991875e-107,0.3050215595328956,3.822122660774196e-108,150.0,True
Number of Ties in Paths to Goal,100,47.38,34.0,49.0,0.3165892781764457,0.30373003377283153,3.346170562991875e-107,0.3050215595328956,3.822122660774196e-108,150.0,True
Number of Ties in Paths to Goal,150,48.58,34.0,49.0,0.3087690407575134,0.30373003377283153,3.346170562991875e-107,0.3050215595328956,3.822122660774196e-108,150.0,True
Number of Ties in Paths to Goal,200,48.94,49.0,49.0,0.0,0.30373003377283153,3.346170562991875e-107,0.3050215595328956,3.822122660774196e-108,150.0,True
Number of Ties in Paths to Goal,250,49.24,49.0,49.0,0.0,0.30373003377283153,3.346170562991875e-107,0.3050215595328956,3.822122660774196e-108,150.0,True
Number of Ties in Paths to Goal,300,49.42,49.0,64.0,0.3035208417644678,0.30373003377283153,3.346170562991875e-107,0.3050215595328956,3.822122660774196e-108,150.0,True
Number of Ties in Paths to Goal,350,49.66,49.0,64.0,0.30205396697543296,0.30373003377283153,3.346170562991875e-107,0.3050215595328956,3.822122660774196e-108,150.0,True
Number of Ties in Paths to Goal,400,49.78,49.0,64.0,0.3013258336681398,0.30373003377283153,3.346170562991875e-107,0.3050215595328956,3.822122660774196e-108,150.0,True
Number of Ties in Paths to Goal,450,49.63,49.0,64.0,0.3022365504735039,0.30373003377283153,3.346170562991875e-107,0.3050215595328956,3.822122660774196e-108,150.0,True
Number of Ties in Paths to Goal,500,49.57,49.0,64.0,0.30260238047205973,0.30373003377283153,3.346170562991875e-107,0.3050215595328956,3.822122660774196e-108,150.0,True
Number of Traces,50,50.0,50.0,50.0,0.0,1.0,0.0,0.9999999999999999,0.0,,False
Number of Traces,100,100.0,100.0,100.0,0.0,1.0,0.0,0.9999999999999999,0.0,,False
Number of Traces,150,150.0,150.0,150.0,0.0,1.0,0.0,0.9999999999999999,0.0,,False
Number of Traces,200,200.0,200.0,200.0,0.0,1.0,0.0,0.9999999999999999,0.0,,False
Number of Traces,250,250.0,250.0,250.0,0.0,1.0,0.0,0.9999999999999999,0.0,,False
Number of Traces,300,300.0,300.0,300.0,0.0,1.0,0.0,0.9999999999999999,0.0,,False
Number of Traces,350,350.0,350.0,350.0,0.0,1.0,0.0,0.9999999999999999,0.0,,False
Number of Traces,400,400.0,400.0,400.0,0.0,1.0,0.0,0.9999999999999999,0.0,,False
Number of Traces,450,450.0,450.0,450.0,0.0,1.0,0.0,0.9999999999999999,0.0,,False
Number of Traces,500,500.0,500.0,500.0,0.0,1.0,0.0,0.9999999999999999,0.0,,False
Percentage of Distinct Traces,50,0.09352,0.08,0.1,0.21385799828913604,-0.8132508137935063,0.0,-0.9967413874698405,0.0,,False
Percentage of Distinct Traces,100,0.048920000000000005,0.04,0.05,0.20441537203597712,-0.8132508137935063,0.0,-0.9967413874698405,0.0,,False
Percentage of Distinct Traces,150,0.03314666666666667,0.02666666666666667,0.03333333333333333,0.20112630732099748,-0.8132508137935063,0.0,-0.9967413874698405,0.0,,False
Percentage of Distinct Traces,200,0.02498,0.025,0.025,0.0,-0.8132508137935063,0.0,-0.9967413874698405,0.0,,False
Percentage of Distinct Traces,250,0.020064,0.02,0.02,0.0,-0.8132508137935063,0.0,-0.9967413874698405,0.0,,False
Percentage of Distinct Traces,300,0.016759999999999997,0.016666666666666666,0.02,0.19888623707239467,-0.8132508137935063,0.0,-0.9967413874698405,0.0,,False
Percentage of Distinct Traces,350,0.014411428571428572,0.014285714285714285,0.017142857142857144,0.19825535289452825,-0.8132508137935063,0.0,-0.9967413874698405,0.0,,False
Percentage of Distinct Traces,400,0.01263,0.0125,0.015,0.1979414093428344,-0.8132508137935063,0.0,-0.9967413874698405,0.0,,False
Percentage of Distinct Traces,450,0.011204444444444444,0.011111111111111112,0.013333333333333334,0.1983339944466482,-0.8132508137935063,0.0,-0.9967413874698405,0.0,,False
Percentage of Distinct Traces,500,0.010076,0.01,0.012,0.19849146486701072,-0.8132508137935063,0.0,-0.9967413874698405,0.0,,False
Sequence Entropy,50,339.927928573182,91.37197979311861,715.0907701868032,1.8348559737697638,0.6896638150528388,0.0,0.7333194162378983,0.0,,False
Sequence Entropy,100,741.387788591234,206.73335906913445,1469.2833719269963,1.7029549613393646,0.6896638150528388,0.0,0.7333194162378983,0.0,,False
Sequence Entropy,150,1062.8234731255536,324.22997719043497,2193.0749744987766,1.7583776088539314,0.6896638150528388,0.0,0.7333194162378983,0.0,,False
Sequence Entropy,200,1565.0917342363102,478.6128180784681,3097.1802699510085,1.6731079684286212,0.6896638150528388,0.0,0.7333194162378983,0.0,,False
Sequence Entropy,250,1843.8755761815569,607.63769425431,3683.245017627054,1.6680123990480715,0.6896638150528388,0.0,0.7333194162378983,0.0,,False
Sequence Entropy,300,2330.184345031792,752.2060229572177,4182.73192263717,1.4722122337634829,0.6896638150528388,0.0,0.7333194162378983,0.0,,False
Sequence Entropy,350,2664.326024029924,921.3740734190416,5557.351820946806,1.7400189412689142,0.6896638150528388,0.0,0.7333194162378983,0.0,,False
Sequence Entropy,400,3266.9071419734373,1079.4955485931196,6425.104651199358,1.6362904944329462,0.6896638150528388,0.0,0.7333194162378983,0.0,,False
Sequence Entropy,450,3889.604427812534,1250.4885070953387,6772.9345410795895,1.4197963151461155,0.6896638150528388,0.0,0.7333194162378983,0.0,,False
Sequence Entropy,500,4201.19263747858,1411.5574934086894,7517.060879524933,1.4532786075195467,0.6896638150528388,0.0,0.7333194162378983,0.0,,False
Structure,50,0.8608546831955923,0.8541666666666666,0.875,0.024200755063558024,-0.31781396465993417,9.730753749105727e-118,-0.3187810983965036,1.7511076855253065e-118,50.0,True
Structure,100,0.8565833333333333,0.8541666666666666,0.875,0.024321432045918908,-0.31781396465993417,9.730753749105727e-118,-0.3187810983965036,1.7511076855253065e-118,50.0,True
Structure,150,0.8550833333333333,0.8541666666666666,0.875,0.024364097066562757,-0.31781396465993417,9.730753749105727e-118,-0.3187810983965036,1.7511076855253065e-118,50.0,True
Structure,200,0.854625,0.8541666666666666,0.8541666666666666,0.0,-0.31781396465993417,9.730753749105727e-118,-0.3187810983965036,1.7511076855253065e-118,50.0,True
Structure,250,0.8541666666666666,0.8541666666666666,0.8541666666666666,0.0,-0.31781396465993417,9.730753749105727e-118,-0.3187810983965036,1.7511076855253065e-118,50.0,True
Structure,300,0.8541666666666666,0.8541666666666666,0.8541666666666666,0.0,-0.31781396465993417,9.730753749105727e-118,-0.3187810983965036,1.7511076855253065e-118,50.0,True
Structure,350,0.8541666666666666,0.8541666666666666,0.8541666666666666,0.0,-0.31781396465993417,9.730753749105727e-118,-0.3187810983965036,1.7511076855253065e-118,50.0,True
Structure,400,0.8541666666666666,0.8541666666666666,0.8541666666666666,0.0,-0.31781396465993417,9.730753749105727e-118,-0.3187810983965036,1.7511076855253065e-118,50.0,True
Structure,450,0.8541666666666666,0.8541666666666666,0.8541666666666666,0.0,-0.31781396465993417,9.730753749105727e-118,-0.3187810983965036,1.7511076855253065e-118,50.0,True
Structure,500,0.8541666666666666,0.8541666666666666,0.8541666666666666,0.0,-0.31781396465993417,9.730753749105727e-118,-0.3187810983965036,1.7511076855253065e-118,50.0,True
Variant Entropy,50,25.40066662279515,11.582921048325865,37.536398702341145,1.0217636426409387,0.2634336687029534,3.73852872094649e-80,0.22425109930289241,5.032079816336057e-58,350.0,True
Variant Entropy,100,28.95258222526536,11.582921048325865,38.301219413917394,0.9228295479038795,0.2634336687029534,3.73852872094649e-80,0.22425109930289241,5.032079816336057e-58,350.0,True
Variant Entropy,150,29.85342802078578,19.29711863083471,40.57956402912977,0.7128978750271802,0.2634336687029534,3.73852872094649e-80,0.22425109930289241,5.032079816336057e-58,350.0,True
Variant Entropy,200,30.726089763633077,26.72771938933485,39.49735033690384,0.4155957053371278,0.2634336687029534,3.73852872094649e-80,0.22425109930289241,5.032079816336057e-58,350.0,True
Variant Entropy,250,30.501921121825184,26.72771938933485,39.49735033690384,0.4186500547479246,0.2634336687029534,3.73852872094649e-80,0.22425109930289241,5.032079816336057e-58,350.0,True
Variant Entropy,300,30.94389847767082,26.72771938933485,42.17020147499923,0.4990477233115183,0.2634336687029534,3.73852872094649e-80,0.22425109930289241,5.032079816336057e-58,350.0,True
Variant Entropy,350,31.328591536614365,26.72771938933485,49.88439905750806,0.7391548273438826,0.2634336687029534,3.73852872094649e-80,0.22425109930289241,5.032079816336057e-58,350.0,True
Variant Entropy,400,31.745060464829688,26.72771938933485,49.88439905750806,0.7294577275676783,0.2634336687029534,3.73852872094649e-80,0.22425109930289241,5.032079816336057e-58,350.0,True
Variant Entropy,450,32.08653715430697,26.72771938933485,49.88439905750806,0.7216945710536077,0.2634336687029534,3.73852872094649e-80,0.22425109930289241,5.032079816336057e-58,350.0,True
Variant Entropy,500,31.677524203297423,26.72771938933485,46.22015520581619,0.6153396234940705,0.2634336687029534,3.73852872094649e-80,0.22425109930289241,5.032079816336057e-58,350.0,True
