Metric,Sample Size,Mean Value,Median Value,Sample Q05,Sample Q95,Empirical CI Rel Width,Sample CI Low,Sample CI High,Sample CI Rel Width,Sample Std,Bootstrap CI Low,Bootstrap CI High,Pearson Rho,Pearson P,Spearman Rho,Spearman P,Plateau n,Plateau Found
Average Affinity,100,0.5783275091462969,0.5513990700657366,0.517147873394843,0.7295912457912457,0.3673409426952606,0.5135801667468334,0.7651268536738235,0.43495542395746123,,,,,,,,,False
Average Affinity,500,0.565760880233772,0.5389044239995144,0.5198108744473072,0.6848506303371548,0.2917129155724822,0.5172122532800087,0.7283413136518341,0.3731771986154061,,,,,,,,,False
Average Affinity,1000,0.5568774532035642,0.5378291264930153,0.5231184473145584,0.6679534404245514,0.2600841392963511,0.5205216679179179,0.6956924501485616,0.31455894151026226,,,,,,,,,False
Average Distinct Activities per Trace,100,3.7325999999999997,3.725,2.9175,4.7010000000000005,0.4778170712104165,2.80275,5.011,0.5916117451642288,,,,,,,,,False
Average Distinct Activities per Trace,500,3.7024,3.676,2.9836,4.392199999999999,0.3804559204840101,2.83855,4.797199999999999,0.5290217156439064,,,,,,,,,False
Average Distinct Activities per Trace,1000,3.67668,3.674,3.0907999999999998,4.38765,0.35272310889171754,2.9442250000000003,4.7543,0.4923123578880945,,,,,,,,,False
Average Edit Distance,100,1.9789474747474747,2.0574747474747475,1.263979797979798,2.3397171717171723,0.5435906649693392,1.1940808080808083,2.368974747474747,0.5936963736462294,,,,,,,,,False
Average Edit Distance,500,2.032303486973948,2.1045170340681363,1.5733687374749499,2.271587575150301,0.34356032066597614,1.3390903807615233,2.282833867735471,0.46437133677271775,,,,,,,,,False
Average Edit Distance,1000,2.0530028628628627,2.1090490490490494,1.6736914914914915,2.2500565565565562,0.28074245559567196,1.486034884884885,2.275995195195195,0.3847828586116678,,,,,,,,,False
Avg. Trace Length,100,3.7848,3.745,2.938,4.753,0.4795497780596068,2.83375,5.096749999999999,0.5979179877404351,,,,,,,,,False
Avg. Trace Length,500,3.7546,3.724,3.0319000000000003,4.490099999999999,0.3883769243061841,2.866,4.915199999999999,0.5457838384914501,,,,,,,,,False
Avg. Trace Length,1000,3.72933,3.726,3.1136,4.48365,0.3673716190307642,3.000925,4.8112,0.4854156108469887,,,,,,,,,False
Deviation from Random,100,0.5926518234779301,0.5945523845437297,0.5600490152045033,0.6234058725579206,0.10690401150141166,0.5339891934482047,0.6282801011155251,0.15910000430603877,,,,,,,,,False
Deviation from Random,500,0.5920431051959103,0.5929718859823971,0.5649937689113438,0.6148755469551266,0.08425362546410645,0.5507383502284532,0.6168096263722093,0.11159875955635482,,,,,,,,,False
Deviation from Random,1000,0.5920024979416345,0.5916315124236866,0.5776564914434337,0.6150485646000295,0.06316201922560528,0.5709062966064843,0.6184567606709792,0.0803213909228858,,,,,,,,,False
Estimated Number of Acyclic Paths,100,4.166545018095641,3.630780547701014,2.08929613085404,9.120108393559097,1.6874442090916268,2.08929613085404,13.182567385564074,2.6624628334821927,,,,,,,,,False
Estimated Number of Acyclic Paths,500,16.22178813063265,10.964781961431852,5.203928788492922,57.543993733715695,3.2265286985462254,4.36515832240166,57.543993733715695,3.2782351108934167,,,,,,,,,False
Estimated Number of Acyclic Paths,1000,26.726455907788317,22.90867652767773,9.120108393559097,69.18309709189366,2.247323360252629,6.915769539909641,69.18309709189366,2.329801144110499,,,,,,,,,False
Lempel-Ziv Complexity,100,133.71,128.5,115.0,158.14999999999998,0.3227133348291076,113.47500000000001,164.62499999999994,0.382544312317702,,,,,,,,,False
Lempel-Ziv Complexity,500,469.09,470.5,376.45,530.0,0.32733590568973975,357.95,588.1749999999997,0.49079067982689834,,,,,,,,,False
Lempel-Ziv Complexity,1000,796.56,787.5,689.45,888.55,0.2499497840715074,650.1750000000001,979.7749999999999,0.41377925077834665,,,,,,,,,False
Max. Trace Length,100,7.38,6.0,6.0,10.0,0.5420054200542006,6.0,10.0,0.5420054200542006,,,,,,,,,False
Max. Trace Length,500,9.09,9.0,6.0,10.0,0.44004400440044006,6.0,14.524999999999991,0.937843784378437,,,,,,,,,False
Max. Trace Length,1000,9.65,9.0,8.95,12.0,0.3160621761658032,7.475000000000002,14.524999999999991,0.7305699481865273,,,,,,,,,False
Min. Trace Length,100,2.03,2.0,2.0,2.0,0.0,2.0,2.0,0.0,,,,,,,,,False
Min. Trace Length,500,2.0,2.0,2.0,2.0,0.0,2.0,2.0,0.0,,,,,,,,,False
Min. Trace Length,1000,2.0,2.0,2.0,2.0,0.0,2.0,2.0,0.0,,,,,,,,,False
Normalized Sequence Entropy,100,0.14015970847230877,0.1410193619877282,0.07917904522130881,0.20192421727921048,0.875752192950318,0.07477503776458959,0.20629144779954944,0.9383325027459187,,,,,,,,,False
Normalized Sequence Entropy,500,0.11207476615215924,0.11058249521594851,0.07012516275497503,0.1640726900015751,0.8382576245490571,0.06390159834464043,0.16951788037649235,0.9423734321110346,,,,,,,,,False
Normalized Sequence Entropy,1000,0.10723292728386653,0.10101893771977954,0.07367204143366503,0.15704296612293442,0.7774750424239585,0.0706244683443194,0.1747559113882499,0.9710771279074961,,,,,,,,,False
Normalized Variant Entropy,100,0.5949690007449688,0.6033765027618887,0.49636396470677896,0.6672836746861144,0.2872749836803674,0.48682328673873093,0.6706059371374632,0.30889449730761687,,,,,,,,,False
Normalized Variant Entropy,500,0.6334705003564652,0.631994458885903,0.5689472736449342,0.6809273230071474,0.17677231899386,0.5604836285895167,0.6924521535081551,0.2083262359405487,,,,,,,,,False
Normalized Variant Entropy,1000,0.6522396471312762,0.6567818877734912,0.6010014710912158,0.6960328059886218,0.145700028073085,0.5875624785735407,0.7000968733482912,0.17253534842554683,,,,,,,,,False
Number of Distinct Activities,100,8.59,8.0,6.0,11.0,0.5820721769499418,6.0,11.0,0.5820721769499418,,,,,,,,,False
Number of Distinct Activities,500,10.31,11.0,8.0,11.0,0.2909796314258002,8.0,11.0,0.2909796314258002,,,,,,,,,False
Number of Distinct Activities,1000,10.68,11.0,9.95,11.0,0.09831460674157311,8.475000000000001,11.0,0.23642322097378266,,,,,,,,,False
Number of Distinct Directly-Follows Relations,100,14.67,14.0,9.95,21.049999999999997,0.756646216768916,9.0,23.0,0.9543285616905249,,,,,,,,,False
Number of Distinct Directly-Follows Relations,500,23.02,23.0,15.95,32.0,0.6972198088618593,15.0,32.0,0.738488271068636,,,,,,,,,False
Number of Distinct Directly-Follows Relations,1000,26.42,26.0,20.95,33.0,0.45609386828160486,19.0,33.0,0.5299015897047691,,,,,,,,,False
Number of Distinct Traces,100,9.23,9.0,6.95,12.0,0.5471289274106175,5.475000000000002,13.0,0.8152762730227516,,,,,,,,,False
Number of Distinct Traces,500,15.75,15.0,11.0,22.099999999999994,0.7047619047619044,11.0,24.52499999999999,0.8587301587301582,,,,,,,,,False
Number of Distinct Traces,1000,20.02,19.0,15.0,27.049999999999997,0.6018981018981018,14.475000000000001,29.52499999999999,0.7517482517482512,,,,,,,,,False
Number of Events,100,378.48,374.5,293.8,475.29999999999995,0.4795497780596067,283.375,509.67499999999995,0.5979179877404353,,,,,,,,,False
Number of Events,500,1877.3,1862.0,1515.95,2245.0499999999997,0.38837692430618426,1433.0,2457.5999999999995,0.5457838384914502,,,,,,,,,False
Number of Events,1000,3729.33,3726.0,3113.6,4483.65,0.36737161903076415,3000.925,4811.2,0.48541561084698853,,,,,,,,,False
Number of Ties in Paths to Goal,100,36.31,35.0,22.95,55.099999999999994,0.8854310107408424,20.475,61.0,1.1160837234921508,,,,,,,,,False
Number of Ties in Paths to Goal,500,73.97,68.0,42.0,120.34999999999998,1.059213194538326,40.95,133.0,1.2444234148979316,,,,,,,,,False
Number of Ties in Paths to Goal,1000,100.61,96.0,64.0,148.05,0.8354040353841568,60.375000000000014,201.14999999999995,1.399214789782327,,,,,,,,,False
Number of Traces,100,100.0,100.0,100.0,100.0,0.0,100.0,100.0,0.0,,,,,,,,,False
Number of Traces,500,500.0,500.0,500.0,500.0,0.0,500.0,500.0,0.0,,,,,,,,,False
Number of Traces,1000,1000.0,1000.0,1000.0,1000.0,0.0,1000.0,1000.0,0.0,,,,,,,,,False
Percentage of Distinct Traces,100,0.09230000000000001,0.09,0.0695,0.12,0.5471289274106174,0.05475000000000002,0.13,0.8152762730227516,,,,,,,,,False
Percentage of Distinct Traces,500,0.0315,0.03,0.022,0.04419999999999999,0.7047619047619045,0.022,0.04904999999999998,0.8587301587301582,,,,,,,,,False
Percentage of Distinct Traces,1000,0.020019999999999996,0.019,0.015,0.027049999999999998,0.6018981018981019,0.014475000000000002,0.029524999999999992,0.7517482517482514,,,,,,,,,False
Sequence Entropy,100,309.22053883292506,301.23228898499076,180.6927491351732,453.5032364882615,0.8822521569322099,168.23280776801602,471.501218130047,0.9807511865370946,,,,,,,,,False
Sequence Entropy,500,1563.2495008023946,1470.2868690290525,1043.0073011673164,2237.1357595767486,0.7638757970474338,991.9760012520526,2391.8661897196903,0.8955001666394861,,,,,,,,,False
Sequence Entropy,1000,3275.353429906343,3007.2324159419804,2202.0769320113372,4996.0981351137525,0.853044186801639,2108.0648342104455,5255.526799279334,0.9609533848562073,,,,,,,,,False
Structure,100,0.7951699048436331,0.8077777777777778,0.6944444444444444,0.8516528925619835,0.19770422290875492,0.6666666666666667,0.8597644628099174,0.2428384109698197,,,,,,,,,False
Structure,500,0.7830646464646465,0.79,0.7347603305785124,0.8264462809917356,0.11708605518990513,0.71875,0.8347107438016529,0.1480857861802196,,,,,,,,,False
Structure,1000,0.768180866110601,0.768595041322314,0.7272727272727273,0.810409090909091,0.10822498620317612,0.710546875,0.8181818181818181,0.14011666774100703,,,,,,,,,False
Variant Entropy,100,31.89565077816064,29.60397362857076,15.769025042631249,58.74714405028832,1.3474601696192616,14.554559901307467,61.97217207075321,1.4866482110442842,,,,,,,,,False
Variant Entropy,500,73.20135397525303,64.6773434255041,40.796490319464006,130.9284358981844,1.23128795690297,36.62334608285899,152.20454873298553,1.5789489725722936,,,,,,,,,False
Variant Entropy,1000,101.14504212093976,95.78893360432055,59.47645479867258,163.96593141751072,1.0330657284605154,52.22551125828654,173.62105858201573,1.200212534180131,,,,,,,,,False
