Metric,Sample Size,Mean Value,Median Value,Bootstrap CI Low,Bootstrap CI High,Sample CI Low,Sample CI High,Sample CI Rel Width,Sample Q05,Sample Q95,Empirical CI Rel Width,Pearson Rho,Pearson P,Spearman Rho,Spearman P,Plateau n,Plateau Found
Average Affinity,100,0.46006425645201743,0.45235562179383093,,,0.4355405505062837,0.5520491497746478,0.253244188468085,0.43720921285504594,0.5174518108410924,0.17441606658354988,-0.025979142339903484,0.4118492978778422,0.0475640419826271,0.1328192903022129,100.0,True
Average Affinity,200,0.4561806199849009,0.4505773003222183,,,,,,,,,-0.025979142339903484,0.4118492978778422,0.0475640419826271,0.1328192903022129,100.0,True
Average Affinity,300,0.4555372861605547,0.45375188767583186,,,,,,,,,-0.025979142339903484,0.4118492978778422,0.0475640419826271,0.1328192903022129,100.0,True
Average Affinity,400,0.45779614593557566,0.45381974322165,,,,,,,,,-0.025979142339903484,0.4118492978778422,0.0475640419826271,0.1328192903022129,100.0,True
Average Affinity,500,0.4579611388739084,0.454251561391793,,,0.4419297023214983,0.5176797523774478,0.16540715712737786,0.44215716385839376,0.48927387817040724,0.10288365171741404,-0.025979142339903484,0.4118492978778422,0.0475640419826271,0.1328192903022129,100.0,True
Average Affinity,600,0.4569653135264307,0.4522495396634822,,,,,,,,,-0.025979142339903484,0.4118492978778422,0.0475640419826271,0.1328192903022129,100.0,True
Average Affinity,700,0.4541060505136864,0.451748049116495,,,,,,,,,-0.025979142339903484,0.4118492978778422,0.0475640419826271,0.1328192903022129,100.0,True
Average Affinity,800,0.45583837679426914,0.451694037520454,,,,,,,,,-0.025979142339903484,0.4118492978778422,0.0475640419826271,0.1328192903022129,100.0,True
Average Affinity,900,0.4574248453842079,0.45605012706107173,,,,,,,,,-0.025979142339903484,0.4118492978778422,0.0475640419826271,0.1328192903022129,100.0,True
Average Affinity,1000,0.45725249168496923,0.4558936958250934,,,0.4430933584461229,0.5020205797151209,0.1288723896328088,0.44403200507373836,0.4933103450714745,0.10777052261901539,-0.025979142339903484,0.4118492978778422,0.0475640419826271,0.1328192903022129,100.0,True
Average Distinct Activities per Trace,100,8.0528,8.115,,,6.18125,9.45725,0.40681502086230875,6.577,9.3505,0.3444143651897477,0.015093964856252914,0.633544959748907,0.009103246783008376,0.7737173659570933,100.0,True
Average Distinct Activities per Trace,200,8.21315,8.2525,,,,,,,,,0.015093964856252914,0.633544959748907,0.009103246783008376,0.7737173659570933,100.0,True
Average Distinct Activities per Trace,300,8.2497,8.261666666666667,,,,,,,,,0.015093964856252914,0.633544959748907,0.009103246783008376,0.7737173659570933,100.0,True
Average Distinct Activities per Trace,400,8.176499999999999,8.2075,,,,,,,,,0.015093964856252914,0.633544959748907,0.009103246783008376,0.7737173659570933,100.0,True
Average Distinct Activities per Trace,500,8.118540000000001,8.068999999999999,,,6.6169,9.0362,0.29799693048257425,7.2512,8.980599999999999,0.21301859693984374,0.015093964856252914,0.633544959748907,0.009103246783008376,0.7737173659570933,100.0,True
Average Distinct Activities per Trace,600,8.163966666666667,8.239166666666666,,,,,,,,,0.015093964856252914,0.633544959748907,0.009103246783008376,0.7737173659570933,100.0,True
Average Distinct Activities per Trace,700,8.259742857142857,8.352142857142857,,,,,,,,,0.015093964856252914,0.633544959748907,0.009103246783008376,0.7737173659570933,100.0,True
Average Distinct Activities per Trace,800,8.238674999999999,8.370000000000001,,,,,,,,,0.015093964856252914,0.633544959748907,0.009103246783008376,0.7737173659570933,100.0,True
Average Distinct Activities per Trace,900,8.139255555555556,8.180555555555555,,,,,,,,,0.015093964856252914,0.633544959748907,0.009103246783008376,0.7737173659570933,100.0,True
Average Distinct Activities per Trace,1000,8.13986,8.167,,,6.93555,8.8301,0.23274970331185052,7.10335,8.79275,0.20754656713997538,0.015093964856252914,0.633544959748907,0.009103246783008376,0.7737173659570933,100.0,True
Average Edit Distance,100,23.615547474747473,23.67737373737374,,,15.783313131313134,29.411575757575758,0.5770885744163063,17.594565656565656,28.893818181818183,0.47846667697774187,0.03029639641072752,0.3385280828529873,0.008195082541506951,0.7957652638596606,100.0,True
Average Edit Distance,200,24.12238693467337,24.62633165829146,,,,,,,,,0.03029639641072752,0.3385280828529873,0.008195082541506951,0.7957652638596606,100.0,True
Average Edit Distance,300,24.315204459308806,24.440222965440356,,,,,,,,,0.03029639641072752,0.3385280828529873,0.008195082541506951,0.7957652638596606,100.0,True
Average Edit Distance,400,24.080978446115285,24.407299498746866,,,,,,,,,0.03029639641072752,0.3385280828529873,0.008195082541506951,0.7957652638596606,100.0,True
Average Edit Distance,500,23.796093867735472,23.746829659318635,,,19.243875551102203,27.05629378757515,0.3283067498345016,19.36054509018036,26.883577955911825,0.3161457047339924,0.03029639641072752,0.3385280828529873,0.008195082541506951,0.7957652638596606,100.0,True
Average Edit Distance,600,24.13701302170284,24.724348914858098,,,,,,,,,0.03029639641072752,0.3385280828529873,0.008195082541506951,0.7957652638596606,100.0,True
Average Edit Distance,700,24.194979153893318,24.804130390353567,,,,,,,,,0.03029639641072752,0.3385280828529873,0.008195082541506951,0.7957652638596606,100.0,True
Average Edit Distance,800,24.433112797246558,24.774701188986235,,,,,,,,,0.03029639641072752,0.3385280828529873,0.008195082541506951,0.7957652638596606,100.0,True
Average Edit Distance,900,24.03804449388209,24.639665059943145,,,,,,,,,0.03029639641072752,0.3385280828529873,0.008195082541506951,0.7957652638596606,100.0,True
Average Edit Distance,1000,23.986347407407408,24.53786086086086,,,20.41163888888889,26.37975155155155,0.24881290015917973,20.794406006006007,25.96633803803804,0.2156198250691078,0.03029639641072752,0.3385280828529873,0.008195082541506951,0.7957652638596606,100.0,True
Avg. Trace Length,100,19.715,19.64,,,13.297250000000002,25.28525,0.6080649251838701,14.9705,24.525499999999997,0.4846563530306872,0.014777149701598009,0.6406891042664221,0.0036977380548136513,0.9070289300459409,100.0,True
Avg. Trace Length,200,20.1453,20.4,,,,,,,,,0.014777149701598009,0.6406891042664221,0.0036977380548136513,0.9070289300459409,100.0,True
Avg. Trace Length,300,20.2992,20.328333333333333,,,,,,,,,0.014777149701598009,0.6406891042664221,0.0036977380548136513,0.9070289300459409,100.0,True
Avg. Trace Length,400,20.08895,20.346249999999998,,,,,,,,,0.014777149701598009,0.6406891042664221,0.0036977380548136513,0.9070289300459409,100.0,True
Avg. Trace Length,500,19.86066,19.595999999999997,,,15.39545,23.01365,0.38358241871116056,16.7545,22.6844,0.2985751732319067,0.014777149701598009,0.6406891042664221,0.0036977380548136513,0.9070289300459409,100.0,True
Avg. Trace Length,600,20.123783333333332,20.61583333333333,,,,,,,,,0.014777149701598009,0.6406891042664221,0.0036977380548136513,0.9070289300459409,100.0,True
Avg. Trace Length,700,20.274185714285714,20.742142857142856,,,,,,,,,0.014777149701598009,0.6406891042664221,0.0036977380548136513,0.9070289300459409,100.0,True
Avg. Trace Length,800,20.3386375,20.78875,,,,,,,,,0.014777149701598009,0.6406891042664221,0.0036977380548136513,0.9070289300459409,100.0,True
Avg. Trace Length,900,19.970544444444446,20.529999999999998,,,,,,,,,0.014777149701598009,0.6406891042664221,0.0036977380548136513,0.9070289300459409,100.0,True
Avg. Trace Length,1000,19.923119999999997,20.425,,,16.638225,22.070525,0.27266311702183205,16.91115,21.8131,0.24604329040832962,0.014777149701598009,0.6406891042664221,0.0036977380548136513,0.9070289300459409,100.0,True
Deviation from Random,100,0.7479458736327477,0.7494349716198268,,,0.7147627470278407,0.7759143624557634,0.0817594127913446,0.7211507553576373,0.7711849391896795,0.06689546074908849,0.13289831618262926,2.4859455492666575e-05,0.09371942224215189,0.003012173468615938,1100.0,True
Deviation from Random,200,0.7507767721168448,0.7510122658131221,,,,,,,,,0.13289831618262926,2.4859455492666575e-05,0.09371942224215189,0.003012173468615938,1100.0,True
Deviation from Random,300,0.7534146743563076,0.7540179674322123,,,,,,,,,0.13289831618262926,2.4859455492666575e-05,0.09371942224215189,0.003012173468615938,1100.0,True
Deviation from Random,400,0.7522016709321139,0.7525742421104817,,,,,,,,,0.13289831618262926,2.4859455492666575e-05,0.09371942224215189,0.003012173468615938,1100.0,True
Deviation from Random,500,0.7520034456016339,0.7530323910904685,,,0.7294862955403657,0.7644223029414821,0.046457243787182516,0.7303373490158833,0.7641147688412201,0.04491657587860311,0.13289831618262926,2.4859455492666575e-05,0.09371942224215189,0.003012173468615938,1100.0,True
Deviation from Random,600,0.7528318624149161,0.755485565711468,,,,,,,,,0.13289831618262926,2.4859455492666575e-05,0.09371942224215189,0.003012173468615938,1100.0,True
Deviation from Random,700,0.7528194643741679,0.7538467570802151,,,,,,,,,0.13289831618262926,2.4859455492666575e-05,0.09371942224215189,0.003012173468615938,1100.0,True
Deviation from Random,800,0.7536688503944434,0.7553475826376621,,,,,,,,,0.13289831618262926,2.4859455492666575e-05,0.09371942224215189,0.003012173468615938,1100.0,True
Deviation from Random,900,0.7528018972677786,0.7529091412200515,,,,,,,,,0.13289831618262926,2.4859455492666575e-05,0.09371942224215189,0.003012173468615938,1100.0,True
Deviation from Random,1000,0.7543115379792746,0.7550426333284175,,,0.7394032091409728,0.7648680441913271,0.033759042210294306,0.7439656761161065,0.764651578972387,0.02742355355148874,0.13289831618262926,2.4859455492666575e-05,0.09371942224215189,0.003012173468615938,1100.0,True
Estimated Number of Acyclic Paths,100,114408.28793263908,91201.08393559096,,,6463.685897431547,398107.17055349774,3.4232090326065947,14332.810039395023,331131.12148259144,2.7690154023607088,0.7072388672211536,1.808478822636508e-152,0.8444839086902062,6.965486504984951e-273,8100.0,True
Estimated Number of Acyclic Paths,200,739495.0407630396,478630.092322638,,,,,,,,,0.7072388672211536,1.808478822636508e-152,0.8444839086902062,6.965486504984951e-273,8100.0,True
Estimated Number of Acyclic Paths,300,1431752.2262428105,1000000.0,,,,,,,,,0.7072388672211536,1.808478822636508e-152,0.8444839086902062,6.965486504984951e-273,8100.0,True
Estimated Number of Acyclic Paths,400,2552489.127945415,2089296.1308540408,,,,,,,,,0.7072388672211536,1.808478822636508e-152,0.8444839086902062,6.965486504984951e-273,8100.0,True
Estimated Number of Acyclic Paths,500,3835608.4860676248,3019951.720402019,,,758299.0510062105,9120108.393559096,2.1800476698615427,831763.7711026708,9120108.393559096,2.1608943281262456,0.7072388672211536,1.808478822636508e-152,0.8444839086902062,6.965486504984951e-273,8100.0,True
Estimated Number of Acyclic Paths,600,5859746.567776647,5248074.602497723,,,,,,,,,0.7072388672211536,1.808478822636508e-152,0.8444839086902062,6.965486504984951e-273,8100.0,True
Estimated Number of Acyclic Paths,700,7584297.714470203,7585775.7502918355,,,,,,,,,0.7072388672211536,1.808478822636508e-152,0.8444839086902062,6.965486504984951e-273,8100.0,True
Estimated Number of Acyclic Paths,800,10370996.107268779,9120108.393559096,,,,,,,,,0.7072388672211536,1.808478822636508e-152,0.8444839086902062,6.965486504984951e-273,8100.0,True
Estimated Number of Acyclic Paths,900,10264750.895098118,9120108.393559096,,,,,,,,,0.7072388672211536,1.808478822636508e-152,0.8444839086902062,6.965486504984951e-273,8100.0,True
Estimated Number of Acyclic Paths,1000,11861294.553872991,10964781.961431852,,,3019951.720402019,30466970.218692306,2.3139985583890748,3019951.720402019,27542287.03338169,2.0674248667884694,0.7072388672211536,1.808478822636508e-152,0.8444839086902062,6.965486504984951e-273,8100.0,True
Lempel-Ziv Complexity,100,611.08,615.0,,,496.90000000000003,724.05,0.3717189238724879,533.5,700.2,0.27279570596321273,0.9884769302223055,0.0,0.9882069398664809,0.0,,False
Lempel-Ziv Complexity,200,1040.48,1048.0,,,,,,,,,0.9884769302223055,0.0,0.9882069398664809,0.0,,False
Lempel-Ziv Complexity,300,1418.58,1434.5,,,,,,,,,0.9884769302223055,0.0,0.9882069398664809,0.0,,False
Lempel-Ziv Complexity,400,1746.25,1763.0,,,,,,,,,0.9884769302223055,0.0,0.9882069398664809,0.0,,False
Lempel-Ziv Complexity,500,2061.45,2053.0,,,1784.425,2266.05,0.233634092507701,1836.6,2264.05,0.20735404690872944,0.9884769302223055,0.0,0.9882069398664809,0.0,,False
Lempel-Ziv Complexity,600,2393.48,2414.0,,,,,,,,,0.9884769302223055,0.0,0.9882069398664809,0.0,,False
Lempel-Ziv Complexity,700,2706.72,2756.0,,,,,,,,,0.9884769302223055,0.0,0.9882069398664809,0.0,,False
Lempel-Ziv Complexity,800,3025.33,3054.5,,,,,,,,,0.9884769302223055,0.0,0.9882069398664809,0.0,,False
Lempel-Ziv Complexity,900,3274.83,3316.5,,,,,,,,,0.9884769302223055,0.0,0.9882069398664809,0.0,,False
Lempel-Ziv Complexity,1000,3553.08,3604.5,,,3211.9,3854.525,0.18086420795478853,3217.95,3773.75,0.15642766276019685,0.9884769302223055,0.0,0.9882069398664809,0.0,,False
Max. Trace Length,100,93.8,90.5,,,61.900000000000006,162.04999999999998,1.067697228144989,65.95,129.14999999999992,0.6737739872068221,0.45217893111025587,1.4929813955145312e-51,0.45916972724341876,2.6602184506455547e-53,3100.0,True
Max. Trace Length,200,109.3,107.5,,,,,,,,,0.45217893111025587,1.4929813955145312e-51,0.45916972724341876,2.6602184506455547e-53,3100.0,True
Max. Trace Length,300,119.4,111.0,,,,,,,,,0.45217893111025587,1.4929813955145312e-51,0.45916972724341876,2.6602184506455547e-53,3100.0,True
Max. Trace Length,400,121.63,115.5,,,,,,,,,0.45217893111025587,1.4929813955145312e-51,0.45916972724341876,2.6602184506455547e-53,3100.0,True
Max. Trace Length,500,126.51,117.0,,,88.37500000000001,175.0,0.6847284799620582,91.95,175.0,0.6564698442810845,0.45217893111025587,1.4929813955145312e-51,0.45916972724341876,2.6602184506455547e-53,3100.0,True
Max. Trace Length,600,129.9,127.0,,,,,,,,,0.45217893111025587,1.4929813955145312e-51,0.45916972724341876,2.6602184506455547e-53,3100.0,True
Max. Trace Length,700,130.46,127.0,,,,,,,,,0.45217893111025587,1.4929813955145312e-51,0.45916972724341876,2.6602184506455547e-53,3100.0,True
Max. Trace Length,800,140.74,133.0,,,,,,,,,0.45217893111025587,1.4929813955145312e-51,0.45916972724341876,2.6602184506455547e-53,3100.0,True
Max. Trace Length,900,140.31,151.0,,,,,,,,,0.45217893111025587,1.4929813955145312e-51,0.45916972724341876,2.6602184506455547e-53,3100.0,True
Max. Trace Length,1000,138.74,133.0,,,100.70000000000003,175.0,0.5355340925472103,107.0,175.0,0.49012541444428426,0.45217893111025587,1.4929813955145312e-51,0.45916972724341876,2.6602184506455547e-53,3100.0,True
Min. Trace Length,100,3.0,3.0,,,3.0,3.0,0.0,3.0,3.0,0.0,,,,,100.0,True
Min. Trace Length,200,3.0,3.0,,,,,,,,,,,,,100.0,True
Min. Trace Length,300,3.0,3.0,,,,,,,,,,,,,100.0,True
Min. Trace Length,400,3.0,3.0,,,,,,,,,,,,,100.0,True
Min. Trace Length,500,3.0,3.0,,,3.0,3.0,0.0,3.0,3.0,0.0,,,,,100.0,True
Min. Trace Length,600,3.0,3.0,,,,,,,,,,,,,100.0,True
Min. Trace Length,700,3.0,3.0,,,,,,,,,,,,,100.0,True
Min. Trace Length,800,3.0,3.0,,,,,,,,,,,,,100.0,True
Min. Trace Length,900,3.0,3.0,,,,,,,,,,,,,100.0,True
Min. Trace Length,1000,3.0,3.0,,,3.0,3.0,0.0,3.0,3.0,0.0,,,,,100.0,True
Normalized Sequence Entropy,100,0.43191173504171615,0.43376044001572855,,,0.39516032621422564,0.4611810124481187,0.15285689384549014,0.4053418865528262,0.4530753792735217,0.11051677657261422,0.31599951614767846,1.260393441419445e-24,0.2999701721690496,3.0677357908610473e-22,2100.0,True
Normalized Sequence Entropy,200,0.44475167872149357,0.4463016569630107,,,,,,,,,0.31599951614767846,1.260393441419445e-24,0.2999701721690496,3.0677357908610473e-22,2100.0,True
Normalized Sequence Entropy,300,0.4515811543618841,0.4531688768851475,,,,,,,,,0.31599951614767846,1.260393441419445e-24,0.2999701721690496,3.0677357908610473e-22,2100.0,True
Normalized Sequence Entropy,400,0.45063842008582744,0.4511268887903864,,,,,,,,,0.31599951614767846,1.260393441419445e-24,0.2999701721690496,3.0677357908610473e-22,2100.0,True
Normalized Sequence Entropy,500,0.4508706455676547,0.4518794454407389,,,0.4264525628188421,0.4707073330010135,0.09815402847185536,0.4305377629482812,0.4677537044751922,0.08254239190944758,0.31599951614767846,1.260393441419445e-24,0.2999701721690496,3.0677357908610473e-22,2100.0,True
Normalized Sequence Entropy,600,0.4530430685465616,0.4547710073585221,,,,,,,,,0.31599951614767846,1.260393441419445e-24,0.2999701721690496,3.0677357908610473e-22,2100.0,True
Normalized Sequence Entropy,700,0.4532263960915841,0.45451353003894013,,,,,,,,,0.31599951614767846,1.260393441419445e-24,0.2999701721690496,3.0677357908610473e-22,2100.0,True
Normalized Sequence Entropy,800,0.4565283771808843,0.45998804905106555,,,,,,,,,0.31599951614767846,1.260393441419445e-24,0.2999701721690496,3.0677357908610473e-22,2100.0,True
Normalized Sequence Entropy,900,0.4511491505233937,0.4525239768846129,,,,,,,,,0.31599951614767846,1.260393441419445e-24,0.2999701721690496,3.0677357908610473e-22,2100.0,True
Normalized Sequence Entropy,1000,0.4521354791983683,0.4537833548972051,,,0.4297835213130107,0.46614862329717405,0.08042965804992419,0.43367534205259084,0.4657044067064352,0.07083952958222076,0.31599951614767846,1.260393441419445e-24,0.2999701721690496,3.0677357908610473e-22,2100.0,True
Normalized Variant Entropy,100,0.5175895776506699,0.518654308993123,,,0.48401358159289176,0.5477644322762264,0.12316872950320723,0.49176902511852666,0.5435863191846719,0.10011270764249748,0.8832978286281562,0.0,0.9249866276269256,0.0,,False
Normalized Variant Entropy,200,0.5577440171575951,0.5575085087143059,,,,,,,,,0.8832978286281562,0.0,0.9249866276269256,0.0,,False
Normalized Variant Entropy,300,0.5786791963931166,0.5792767192898663,,,,,,,,,0.8832978286281562,0.0,0.9249866276269256,0.0,,False
Normalized Variant Entropy,400,0.5913752168355161,0.5920250872046211,,,,,,,,,0.8832978286281562,0.0,0.9249866276269256,0.0,,False
Normalized Variant Entropy,500,0.6028364567669289,0.6040618243930621,,,0.5798898641410092,0.6197223093374552,0.06607504365291929,0.5846334139588463,0.6183498065390055,0.055929584552638974,0.8832978286281562,0.0,0.9249866276269256,0.0,,False
Normalized Variant Entropy,600,0.6100762173827633,0.6104345688939831,,,,,,,,,0.8832978286281562,0.0,0.9249866276269256,0.0,,False
Normalized Variant Entropy,700,0.6185558977983969,0.6197188754091691,,,,,,,,,0.8832978286281562,0.0,0.9249866276269256,0.0,,False
Normalized Variant Entropy,800,0.6217196799897873,0.6230394741753745,,,,,,,,,0.8832978286281562,0.0,0.9249866276269256,0.0,,False
Normalized Variant Entropy,900,0.6261485782191857,0.6253199675700172,,,,,,,,,0.8832978286281562,0.0,0.9249866276269256,0.0,,False
Normalized Variant Entropy,1000,0.6304563803544463,0.6319589369525729,,,0.6129763184161545,0.6419884411281416,0.04601765263391619,0.6184109466278531,0.6414992594886364,0.03662158648914441,0.8832978286281562,0.0,0.9249866276269256,0.0,,False
Number of Distinct Activities,100,22.6,23.0,,,22.0,23.0,0.04424778761061947,22.0,23.0,0.04424778761061947,0.4306767590092984,2.020901026300932e-46,0.4207726655458127,3.5291480443785997e-44,4100.0,True
Number of Distinct Activities,200,22.88,23.0,,,,,,,,,0.4306767590092984,2.020901026300932e-46,0.4207726655458127,3.5291480443785997e-44,4100.0,True
Number of Distinct Activities,300,23.07,23.0,,,,,,,,,0.4306767590092984,2.020901026300932e-46,0.4207726655458127,3.5291480443785997e-44,4100.0,True
Number of Distinct Activities,400,23.19,23.0,,,,,,,,,0.4306767590092984,2.020901026300932e-46,0.4207726655458127,3.5291480443785997e-44,4100.0,True
Number of Distinct Activities,500,23.15,23.0,,,23.0,24.0,0.04319654427645789,23.0,24.0,0.04319654427645789,0.4306767590092984,2.020901026300932e-46,0.4207726655458127,3.5291480443785997e-44,4100.0,True
Number of Distinct Activities,600,23.17,23.0,,,,,,,,,0.4306767590092984,2.020901026300932e-46,0.4207726655458127,3.5291480443785997e-44,4100.0,True
Number of Distinct Activities,700,23.29,23.0,,,,,,,,,0.4306767590092984,2.020901026300932e-46,0.4207726655458127,3.5291480443785997e-44,4100.0,True
Number of Distinct Activities,800,23.39,23.0,,,,,,,,,0.4306767590092984,2.020901026300932e-46,0.4207726655458127,3.5291480443785997e-44,4100.0,True
Number of Distinct Activities,900,23.36,23.0,,,,,,,,,0.4306767590092984,2.020901026300932e-46,0.4207726655458127,3.5291480443785997e-44,4100.0,True
Number of Distinct Activities,1000,23.39,23.0,,,23.0,24.0,0.04275331338178709,23.0,24.0,0.04275331338178709,0.4306767590092984,2.020901026300932e-46,0.4207726655458127,3.5291480443785997e-44,4100.0,True
Number of Distinct Directly-Follows Relations,100,82.74,84.0,,,68.95,92.52499999999999,0.2849286922890983,72.95,91.0,0.218153251148175,0.8267237191137802,1.5498355815814137e-251,0.8446790424004111,3.923609347698818e-273,8100.0,True
Number of Distinct Directly-Follows Relations,200,92.81,93.0,,,,,,,,,0.8267237191137802,1.5498355815814137e-251,0.8446790424004111,3.923609347698818e-273,8100.0,True
Number of Distinct Directly-Follows Relations,300,97.44,97.0,,,,,,,,,0.8267237191137802,1.5498355815814137e-251,0.8446790424004111,3.923609347698818e-273,8100.0,True
Number of Distinct Directly-Follows Relations,400,100.99,101.0,,,,,,,,,0.8267237191137802,1.5498355815814137e-251,0.8446790424004111,3.923609347698818e-273,8100.0,True
Number of Distinct Directly-Follows Relations,500,103.19,103.0,,,95.47500000000001,109.52499999999999,0.13615660432212406,96.0,109.0,0.12598119972865587,0.8267237191137802,1.5498355815814137e-251,0.8446790424004111,3.923609347698818e-273,8100.0,True
Number of Distinct Directly-Follows Relations,600,105.79,106.0,,,,,,,,,0.8267237191137802,1.5498355815814137e-251,0.8446790424004111,3.923609347698818e-273,8100.0,True
Number of Distinct Directly-Follows Relations,700,107.4,108.5,,,,,,,,,0.8267237191137802,1.5498355815814137e-251,0.8446790424004111,3.923609347698818e-273,8100.0,True
Number of Distinct Directly-Follows Relations,800,109.22,110.0,,,,,,,,,0.8267237191137802,1.5498355815814137e-251,0.8446790424004111,3.923609347698818e-273,8100.0,True
Number of Distinct Directly-Follows Relations,900,109.1,110.0,,,,,,,,,0.8267237191137802,1.5498355815814137e-251,0.8446790424004111,3.923609347698818e-273,8100.0,True
Number of Distinct Directly-Follows Relations,1000,109.78,111.0,,,103.0,116.0,0.11841865549280378,103.0,115.0,0.1093095281472035,0.8267237191137802,1.5498355815814137e-251,0.8446790424004111,3.923609347698818e-273,8100.0,True
Number of Distinct Traces,100,55.8,56.0,,,38.475,67.52499999999999,0.5206093189964156,40.95,66.0,0.4489247311827957,0.9758897512392009,0.0,0.9754781391235458,0.0,,False
Number of Distinct Traces,200,106.1,107.0,,,,,,,,,0.9758897512392009,0.0,0.9754781391235458,0.0,,False
Number of Distinct Traces,300,153.07,154.0,,,,,,,,,0.9758897512392009,0.0,0.9754781391235458,0.0,,False
Number of Distinct Traces,400,195.89,196.0,,,,,,,,,0.9758897512392009,0.0,0.9754781391235458,0.0,,False
Number of Distinct Traces,500,237.55,236.5,,,166.8,274.04999999999995,0.4514838981267099,194.45,271.05,0.3224584298042518,0.9758897512392009,0.0,0.9754781391235458,0.0,,False
Number of Distinct Traces,600,283.45,283.0,,,,,,,,,0.9758897512392009,0.0,0.9754781391235458,0.0,,False
Number of Distinct Traces,700,329.65,331.0,,,,,,,,,0.9758897512392009,0.0,0.9754781391235458,0.0,,False
Number of Distinct Traces,800,369.19,375.5,,,,,,,,,0.9758897512392009,0.0,0.9754781391235458,0.0,,False
Number of Distinct Traces,900,403.43,403.0,,,,,,,,,0.9758897512392009,0.0,0.9754781391235458,0.0,,False
Number of Distinct Traces,1000,442.64,441.0,,,338.75,500.525,0.36547758901138616,345.95,498.1,0.3437330562082054,0.9758897512392009,0.0,0.9754781391235458,0.0,,False
Number of Events,100,1971.5,1964.0,,,1329.7250000000004,2528.525,0.60806492518387,1497.05,2452.5499999999997,0.48465635303068716,0.984044925959033,0.0,0.9834908487349145,0.0,,False
Number of Events,200,4029.06,4080.0,,,,,,,,,0.984044925959033,0.0,0.9834908487349145,0.0,,False
Number of Events,300,6089.76,6098.5,,,,,,,,,0.984044925959033,0.0,0.9834908487349145,0.0,,False
Number of Events,400,8035.58,8138.5,,,,,,,,,0.984044925959033,0.0,0.9834908487349145,0.0,,False
Number of Events,500,9930.33,9798.0,,,7697.725,11506.825,0.3835824187111607,8377.25,11342.2,0.29857517323190674,0.984044925959033,0.0,0.9834908487349145,0.0,,False
Number of Events,600,12074.27,12369.5,,,,,,,,,0.984044925959033,0.0,0.9834908487349145,0.0,,False
Number of Events,700,14191.93,14519.5,,,,,,,,,0.984044925959033,0.0,0.9834908487349145,0.0,,False
Number of Events,800,16270.91,16631.0,,,,,,,,,0.984044925959033,0.0,0.9834908487349145,0.0,,False
Number of Events,900,17973.49,18477.0,,,,,,,,,0.984044925959033,0.0,0.9834908487349145,0.0,,False
Number of Events,1000,19923.12,20425.0,,,16638.225,22070.524999999998,0.2726631170218319,16911.15,21813.1,0.24604329040832948,0.984044925959033,0.0,0.9834908487349145,0.0,,False
Number of Ties in Paths to Goal,100,1700.83,1700.0,,,974.0500000000002,2312.8999999999996,0.78717449715727,1169.0,2221.1499999999996,0.6186097375987016,0.9699531076582446,0.0,0.9704823707380367,0.0,,False
Number of Ties in Paths to Goal,200,3429.81,3494.5,,,,,,,,,0.9699531076582446,0.0,0.9704823707380367,0.0,,False
Number of Ties in Paths to Goal,300,5121.42,5149.5,,,,,,,,,0.9699531076582446,0.0,0.9704823707380367,0.0,,False
Number of Ties in Paths to Goal,400,6671.28,6800.5,,,,,,,,,0.9699531076582446,0.0,0.9704823707380367,0.0,,False
Number of Ties in Paths to Goal,500,8126.08,8012.0,,,5687.75,9881.875,0.5161313942269827,6441.65,9632.35,0.3926493463022762,0.9699531076582446,0.0,0.9704823707380367,0.0,,False
Number of Ties in Paths to Goal,600,9874.52,10145.0,,,,,,,,,0.9699531076582446,0.0,0.9704823707380367,0.0,,False
Number of Ties in Paths to Goal,700,11538.04,11864.0,,,,,,,,,0.9699531076582446,0.0,0.9704823707380367,0.0,,False
Number of Ties in Paths to Goal,800,13172.86,13600.5,,,,,,,,,0.9699531076582446,0.0,0.9704823707380367,0.0,,False
Number of Ties in Paths to Goal,900,14391.43,14952.5,,,,,,,,,0.9699531076582446,0.0,0.9704823707380367,0.0,,False
Number of Ties in Paths to Goal,1000,15868.72,16345.5,,,12241.325,18133.575,0.37131224194516005,12592.25,17978.05,0.33939725447295055,0.9699531076582446,0.0,0.9704823707380367,0.0,,False
Number of Traces,100,100.0,100.0,,,100.0,100.0,0.0,100.0,100.0,0.0,1.0,0.0,1.0,0.0,,False
Number of Traces,200,200.0,200.0,,,,,,,,,1.0,0.0,1.0,0.0,,False
Number of Traces,300,300.0,300.0,,,,,,,,,1.0,0.0,1.0,0.0,,False
Number of Traces,400,400.0,400.0,,,,,,,,,1.0,0.0,1.0,0.0,,False
Number of Traces,500,500.0,500.0,,,500.0,500.0,0.0,500.0,500.0,0.0,1.0,0.0,1.0,0.0,,False
Number of Traces,600,600.0,600.0,,,,,,,,,1.0,0.0,1.0,0.0,,False
Number of Traces,700,700.0,700.0,,,,,,,,,1.0,0.0,1.0,0.0,,False
Number of Traces,800,800.0,800.0,,,,,,,,,1.0,0.0,1.0,0.0,,False
Number of Traces,900,900.0,900.0,,,,,,,,,1.0,0.0,1.0,0.0,,False
Number of Traces,1000,1000.0,1000.0,,,1000.0,1000.0,0.0,1000.0,1000.0,0.0,1.0,0.0,1.0,0.0,,False
Percentage of Distinct Traces,100,0.5579999999999999,0.56,,,0.38475000000000004,0.6752499999999999,0.5206093189964156,0.4095,0.66,0.44892473118279586,-0.5495367296521216,5.598094002992294e-80,-0.5892731375156511,1.5567194226524927e-94,,False
Percentage of Distinct Traces,200,0.5305000000000001,0.535,,,,,,,,,-0.5495367296521216,5.598094002992294e-80,-0.5892731375156511,1.5567194226524927e-94,,False
Percentage of Distinct Traces,300,0.5102333333333333,0.5133333333333333,,,,,,,,,-0.5495367296521216,5.598094002992294e-80,-0.5892731375156511,1.5567194226524927e-94,,False
Percentage of Distinct Traces,400,0.48972499999999997,0.49,,,,,,,,,-0.5495367296521216,5.598094002992294e-80,-0.5892731375156511,1.5567194226524927e-94,,False
Percentage of Distinct Traces,500,0.47509999999999997,0.473,,,0.33360000000000006,0.5481,0.45148389812671014,0.3889,0.5421,0.32245842980425177,-0.5495367296521216,5.598094002992294e-80,-0.5892731375156511,1.5567194226524927e-94,,False
Percentage of Distinct Traces,600,0.47241666666666665,0.4716666666666667,,,,,,,,,-0.5495367296521216,5.598094002992294e-80,-0.5892731375156511,1.5567194226524927e-94,,False
Percentage of Distinct Traces,700,0.4709285714285714,0.47285714285714286,,,,,,,,,-0.5495367296521216,5.598094002992294e-80,-0.5892731375156511,1.5567194226524927e-94,,False
Percentage of Distinct Traces,800,0.4614875,0.469375,,,,,,,,,-0.5495367296521216,5.598094002992294e-80,-0.5892731375156511,1.5567194226524927e-94,,False
Percentage of Distinct Traces,900,0.4482555555555555,0.4477777777777778,,,,,,,,,-0.5495367296521216,5.598094002992294e-80,-0.5892731375156511,1.5567194226524927e-94,,False
Percentage of Distinct Traces,1000,0.44264000000000003,0.441,,,0.33875,0.500525,0.3654775890113862,0.34595,0.4981,0.3437330562082053,-0.5495367296521216,5.598094002992294e-80,-0.5892731375156511,1.5567194226524927e-94,,False
Sequence Entropy,100,6498.682785027388,6481.212812587937,,,3831.7357003711,9044.279892347944,0.8020924184799822,4481.879019200122,8546.794979784578,0.6254984425382021,0.9753949482417056,0.0,0.9769768556392009,0.0,,False
Sequence Entropy,200,14926.157688460553,15143.687488538539,,,,,,,,,0.9753949482417056,0.0,0.9769768556392009,0.0,,False
Sequence Entropy,300,24020.834320429814,24119.898431818932,,,,,,,,,0.9753949482417056,0.0,0.9769768556392009,0.0,,False
Sequence Entropy,400,32674.134880820486,32969.58045220096,,,,,,,,,0.9753949482417056,0.0,0.9769768556392009,0.0,,False
Sequence Entropy,500,41317.26356048736,40625.790349493655,,,29308.65955898291,50214.03128522573,0.5059718365820117,32798.59559526935,48935.99695319915,0.39057284939272624,0.9753949482417056,0.0,0.9769768556392009,0.0,,False
Sequence Entropy,600,51551.78527969066,53070.09418389473,,,,,,,,,0.9753949482417056,0.0,0.9769768556392009,0.0,,False
Sequence Entropy,700,61617.37189548992,63416.056490670286,,,,,,,,,0.9753949482417056,0.0,0.9769768556392009,0.0,,False
Sequence Entropy,800,72193.75666562028,73867.05712117383,,,,,,,,,0.9753949482417056,0.0,0.9769768556392009,0.0,,False
Sequence Entropy,900,79595.17033803745,82807.70238133642,,,,,,,,,0.9753949482417056,0.0,0.9769768556392009,0.0,,False
Sequence Entropy,1000,89336.09561752167,92486.53271525346,,,70834.69642799527,102487.97664239877,0.3543168077315804,72174.86296087285,101052.27036332426,0.3232445654003669,0.9753949482417056,0.0,0.9769768556392009,0.0,,False
Structure,100,0.8379144824577619,0.8390812229530222,,,0.8202479338842975,0.8623365464231592,0.05023020059923988,0.8204074817603775,0.8526929806745926,0.03853078039600854,-0.7306859365162446,1.2833003257551445e-167,-0.7233200295406562,1.0864884686941022e-162,2100.0,True
Structure,200,0.8226418143672504,0.8241965973534972,,,,,,,,,-0.7306859365162446,1.2833003257551445e-167,-0.7233200295406562,1.0864884686941022e-162,2100.0,True
Structure,300,0.8168481607838135,0.8166351606805293,,,,,,,,,-0.7306859365162446,1.2833003257551445e-167,-0.7233200295406562,1.0864884686941022e-162,2100.0,True
Structure,400,0.8121035496744382,0.8128544423440454,,,,,,,,,-0.7306859365162446,1.2833003257551445e-167,-0.7233200295406562,1.0864884686941022e-162,2100.0,True
Structure,500,0.8073894664986347,0.8071833648393194,,,0.7939508506616257,0.820817334199748,0.03327574194723247,0.7939508506616257,0.8194930161730729,0.03163549510029477,-0.7306859365162446,1.2833003257551445e-167,-0.7233200295406562,1.0864884686941022e-162,2100.0,True
Structure,600,0.8028539828817475,0.8034026465028355,,,,,,,,,-0.7306859365162446,1.2833003257551445e-167,-0.7233200295406562,1.0864884686941022e-162,2100.0,True
Structure,700,0.8018373240915774,0.8015122873345936,,,,,,,,,-0.7306859365162446,1.2833003257551445e-167,-0.7233200295406562,1.0864884686941022e-162,2100.0,True
Structure,800,0.8001383309703844,0.8024574669187146,,,,,,,,,-0.7306859365162446,1.2833003257551445e-167,-0.7233200295406562,1.0864884686941022e-162,2100.0,True
Structure,900,0.7999024298991809,0.8015122873345936,,,,,,,,,-0.7306859365162446,1.2833003257551445e-167,-0.7233200295406562,1.0864884686941022e-162,2100.0,True
Structure,1000,0.7991985008401596,0.8015122873345936,,,0.7816162570888469,0.8099392361111111,0.03543922941858575,0.7844045368620037,0.8090277777777778,0.03080991879975852,-0.7306859365162446,1.2833003257551445e-167,-0.7233200295406562,1.0864884686941022e-162,2100.0,True
Variant Entropy,100,3630.5896041661495,3656.3062502589582,,,1930.7893749074342,5318.2540198949055,0.9330343041527775,2278.6790608715887,5099.916071152921,0.7770740617567807,0.952794591759564,0.0,0.9557299461982658,0.0,,False
Variant Entropy,200,7816.516372303669,7996.672243931778,,,,,,,,,0.952794591759564,0.0,0.9557299461982658,0.0,,False
Variant Entropy,300,12099.203908130654,12298.813143157462,,,,,,,,,0.952794591759564,0.0,0.9557299461982658,0.0,,False
Variant Entropy,400,15987.523914184852,16304.299331887938,,,,,,,,,0.952794591759564,0.0,0.9557299461982658,0.0,,False
Variant Entropy,500,19508.91191457568,19393.33980232378,,,12963.085551722133,25435.059637187107,0.6392962426647073,13241.35640070453,24009.012691249736,0.5519352559329757,0.952794591759564,0.0,0.9557299461982658,0.0,,False
Variant Entropy,600,24152.308899008804,25252.743048776814,,,,,,,,,0.952794591759564,0.0,0.9557299461982658,0.0,,False
Variant Entropy,700,28282.574706233234,29620.997013736967,,,,,,,,,0.952794591759564,0.0,0.9557299461982658,0.0,,False
Variant Entropy,800,32840.59949034698,33581.48476011453,,,,,,,,,0.952794591759564,0.0,0.9557299461982658,0.0,,False
Variant Entropy,900,35656.20947622095,37290.90676343402,,,,,,,,,0.952794591759564,0.0,0.9557299461982658,0.0,,False
Variant Entropy,1000,39600.956762042566,41342.233227131735,,,29139.298141835152,48414.000337330974,0.4867231443754052,29876.813894158207,46466.87387577603,0.41893078698339326,0.952794591759564,0.0,0.9557299461982658,0.0,,False
