Noise Level,,Low,Low,Low,Low,Low,Low,Low,Low,Low,Low,Low,Low,High,High,High,High,High,High,High,High,High,High,High,High
Model Complexity,,Simple,Simple,Simple,Simple,Middle,Middle,Middle,Middle,Complex,Complex,Complex,Complex,Simple,Simple,Simple,Simple,Middle,Middle,Middle,Middle,Complex,Complex,Complex,Complex
Window Size,,50,100,150,200,50,100,150,200,50,100,150,200,50,100,150,200,50,100,150,200,50,100,150,200
Dimension,Metric,,,,,,,,,,,,,,,,,,,,,,,,
Size,Number of Events,4269.742647056812,4431.977559607519,4479.242753622924,6061.076923076348,4141.770148026025,4942.07083333454,4712.327143538734,4577.206439392797,7277.644444442333,8075.523949579106,10638.74601024318,10287.445153061379,4002.6190476196753,3607.8374613013075,3448.7315010566126,3548.984381971677,4375.0805626602,4104.518299656132,3490.4156788793166,4001.642635658405,4646.919047618521,5486.834116540669,5291.345982142988,4432.355839416219
Size,Number of Traces,inf,inf,inf,inf,inf,inf,inf,inf,inf,inf,inf,inf,inf,inf,inf,inf,inf,inf,inf,inf,inf,inf,inf,inf
Size,Number of Distinct Activities,133.33333333333354,58.57142857142856,36.397058823529406,28.869047619047606,138.09523809523841,79.28571428571414,56.77655677655662,41.093700031979495,154.99999999999824,74.70930232558155,50.000000000000014,36.78646934460884,54.315789473684276,26.086956521739083,18.321678321678306,13.563218390804604,72.75132275132266,34.27505330490405,23.206854345165254,18.275652701882233,80.44804318488534,42.32736572890022,28.576975344593265,21.018455228981566
Size,Number of Distinct Traces,7.45897000565931,3.779981602851559,2.586591229177796,2.0249476488581424,89.8630952380955,73.15725806451644,63.847625394944686,58.59615974398274,263.06666666666916,185.42138888888906,154.09707816847896,135.68414869261213,3.2784935466982303,1.9282354429159942,1.3267828652354403,1.0405583000823357,45.655694915254244,35.24075820162834,30.67903963414635,27.649133175728892,86.1464023984008,63.787561762629686,57.16079029286571,53.501196080399986
Size,Number of Distinct Directly-Follows Relations,9.361954188517235,4.835823218176159,3.2931354359925784,2.5351841141314826,21.748461012311843,11.810883976913317,8.058420735382759,6.056312715291298,24.456158192090374,13.444318926563415,8.660800970873787,6.725381956061112,4.624067820458702,2.4155910449938016,1.7917596729673755,1.383711345688532,10.853210253481528,5.662557689507232,3.889097305419619,2.95666779947386,12.223530538838713,6.338548996706468,4.267568741347954,3.279760052553331
Size,Min. Trace Length,34.7347347347348,20.344827586206897,14.285714285714295,10.946038251366112,171.4285714285703,99.99999999999991,61.458333333333286,46.42857142857132,258.3333333333349,102.94117647058803,61.904761904762026,55.844155844155836,21.54738878143131,11.506935687263557,8.454155605472739,7.106782106782106,61.57894736842124,32.05128205128205,22.466039707419014,17.20629047178539,127.77777777777831,66.68888888888885,37.09677419354833,30.10256410256408
Size,Avg. Trace Length,4269.742647057261,4431.97755960741,4479.242753624345,6061.07692307469,4141.770148025474,4942.070833332431,4712.3271435422985,4577.206439392467,7277.644444440944,8075.523949582013,10638.74601023264,10287.445153054407,4002.619047620503,3607.8374613015835,3448.731501057732,3548.9843819706466,4375.080562661546,4104.518299657351,3490.4156788810446,4001.6426356585166,4646.919047618487,5486.83411653937,5291.345982146569,4432.355839416531
Size,Max. Trace Length,46.41025641025637,20.526315789473685,15.29220779220779,12.363636363636367,9008.49999999539,inf,inf,inf,8751.500000002201,inf,inf,inf,21.435406698564577,11.57103825136612,8.863955119214586,7.334955497214576,2037.3750000000205,2851.250000000049,3302.3333333330356,5802.250000001155,3000.000000000069,4250.250000000846,inf,inf
Variation,Percentage of Distinct Traces,7.458970005659356,3.7799816028515743,2.5865912291777855,2.024947648858152,89.86309523809524,73.15725806451633,63.84762539494487,58.59615974398298,263.06666666667616,185.4213888888925,154.0970781684826,135.6841486926125,3.278493546698221,1.928235442915994,1.3267828652354368,1.0405583000823357,45.65569491525405,35.24075820162844,30.679039634146314,27.649133175728945,86.14640239840008,63.787561762629764,57.160790292866174,53.501196080399914
Variation,Average Distinct Activities per Trace,964.7762516615217,977.8081256401736,1014.8717110637824,1037.1795573362479,1833.1498316497655,2248.6735352532023,2370.5644444449363,2346.397849462045,3193.3218218217394,3581.305229141763,3352.6948529421916,3583.965909089742,524.0274599542352,522.1812957157807,500.005555617273,509.925376396189,1451.9926739928674,1668.3697412602637,1538.8876328584697,1549.8047199301027,1765.2640332644314,1998.1891891894475,2041.0502473723966,2138.8918128657515
Variation,Structure,42.000826547605044,22.74573676527485,15.818943031143561,12.181616253122336,175.86560770765834,89.18657202683497,50.5835834913148,36.5044285851829,234.423937718014,95.36937504715459,54.115493093546654,39.503800583963866,21.634204350369416,11.619227290134116,8.431512071462905,6.9301975824345865,77.20138993023556,33.876051660994534,22.067691444180944,17.4387637189581,112.62008638221664,47.41558891040483,33.7174871599608,25.563557963569245
Variation,Estimated Number of Acyclic Paths,5.668931695976379,2.5866270102663487,1.7059813701255317,1.2209499648006046,4.064355728012353,1.762064205655877,1.1061387767150515,0.8027556537348477,2.1636969329308866,0.7638425297069424,0.3458376459029457,0.24661215164444067,2.363950034606378,1.034654797038538,0.6487301641501932,0.45019959978327895,1.6024624919884647,0.6801143575523201,0.3827174250802854,0.24602245475410078,0.8826126013048101,0.3505554297597897,0.1609762351876446,0.0807374904967342
Variation,Number of Ties in Paths to Goal,8.132492893338279,4.031494303654446,2.6816591502012255,2.0319589335982773,403.5233360950034,274.6583027335837,250.98444048995395,226.88068067971517,1110.066369917617,824.7962176165662,670.6462800171365,624.4560293318773,3.214672093143064,1.8530157431449,1.2865104641437373,1.0074975702318694,203.7222168875217,144.28514392536158,134.86479225012278,115.56443193218627,399.0588400685043,324.8261871758541,249.1664816127527,216.3441916145432
Variation,Lempel-Ziv Complexity,43.087012297620035,21.924625754038285,17.360728982951215,14.271495537063252,507.26069078948217,408.7440476190475,321.497204159199,315.3827361563465,509.0766961652073,401.1324655095567,342.8140040433942,326.467701383737,19.378673562518987,11.723285684706234,8.975849204403312,7.906896172277763,283.5635627068342,219.87538172422103,181.07308598351216,162.16975500882398,257.44297403246753,228.55364932094454,177.81114535182132,173.91356487549223
Distance,Average Affinity,352.4448178130135,352.849806499289,361.9536976141983,365.22306874397975,447.6024986679767,472.8357909112107,470.6286377390619,484.34140320432414,572.4808438780537,548.037646508745,536.0988960411642,546.420342800951,172.25100236277052,169.87809368405595,168.21187248698988,174.14589093976832,226.37222688747434,214.8004295419243,220.2660026327195,221.04227381955323,259.2258279120033,268.9531887949257,277.4033501071126,278.08901818608433
Distance,Deviation from Random,408.1866366525743,531.07135558699,838.5021610614028,763.1303152275448,1322.4420628244238,1686.4466840779335,1695.4080287558654,1515.8706906771995,1447.1824752677567,1860.7897202151703,2579.830490954653,2972.019269029166,211.41222718077404,272.19914194235116,362.2674517005245,516.2236044048248,630.4077902736888,867.1977500459603,831.0171717155628,1183.7502519831914,689.5711309525115,967.7209603701086,1324.6875582656307,1982.5161499762253
Distance,Average Edit Distance,71.70008735786544,73.81039200029419,74.32578497650893,75.72660801762432,841.6026981240819,837.3104155393132,818.4834928390164,775.5392978519315,1256.6919647242844,1144.0518371761311,1215.1903372124784,1101.9449163616353,32.97753265141188,33.16768972247808,33.88728836522122,33.86953451768069,438.79524954586697,425.72601475516603,420.9926985930162,432.31608620289086,561.8759084829067,551.8575549726716,562.827372571177,561.517316454738
Graph Entropy,Sequence Entropy,30.429068506541416,28.05620664852335,26.189246848141607,25.048231030365546,357.24423443668627,292.0189945379682,285.47762963967364,266.7158815908216,689.377982024348,601.3869039289551,532.4510419702674,495.3161191301903,14.22201250392102,13.037943586965728,12.509672846645634,11.254853541889693,169.42929760198572,154.12941561230514,142.64071633410853,134.04606252014963,349.60117880015616,289.70538529009815,266.52517091868106,243.96673755598286
Graph Entropy,Normalized Sequence Entropy,30.1850173725162,27.804723572466532,25.99331878559599,24.898452136663288,445.88240007306206,365.8037277506553,350.78311994267165,322.58410767116624,803.5009923304762,636.8641553960979,555.3847040326309,499.1968211085958,14.076647579778239,12.95317803071287,12.37547167240456,11.14015162877838,222.0642369983212,180.8986116535541,179.01648763552691,159.19970596054162,412.28618095018237,311.8180549158992,269.17828548999455,268.16340513037835
Graph Entropy,Variant Entropy,3.900728549460906,2.18305395733229,1.554448831704664,1.2074977782580183,108.95621176193757,85.7303690638187,78.24064191992983,69.47124829973947,210.1096184651874,146.60807630258182,129.4262015222658,119.50459448820544,1.8596481530394722,1.080180984114119,0.7581557892512677,0.5980626319943982,52.26303732388537,40.69827497051334,37.90055321724252,34.783602180541266,103.28234634333612,80.31125957444041,68.38310577747467,62.7148876989673
Graph Entropy,Normalized Variant Entropy,32.87818997760664,16.625298134287263,12.916797452352835,11.128226575640596,731.0050064561929,910.4280068716785,892.327640348147,851.3301563725995,2495.8347272860283,2182.6658614912217,1870.473024844183,1971.4047963458088,17.16454443409075,10.672316491263144,8.361106084513366,7.105901299439443,488.85217593932674,444.53691092692407,406.9993642582851,361.83026284694455,694.6948933806214,809.8981508662043,842.634094871261,943.860970225559
